Text,Created Date,Language,Retweet Count,Retweeted,Favorite Count,Favorited,co-ordinates,Tweeted By,Screen Name
RT @elonmusk: @POTUS Thanks on behalf of an amazing team at SpaceX!,Sat Apr 09 01:12:47 +0000 2016,en,1635,False,0,False,,David Rusenko,drusenko
RT @SpaceX: Landing from the chase plane https://t.co/2Q5qCaPq9P,Sat Apr 09 01:12:44 +0000 2016,en,29546,False,0,False,,David Rusenko,drusenko
RT @weebly: Have you heard? Weebly is coming to #Nashville at @entrecenter for our #likeaboss Bus Tour! https://t.co/YVGrgyhXWO https://t.c…,Fri Mar 25 19:54:59 +0000 2016,en,5,False,0,False,,David Rusenko,drusenko
RT @weebly: Check out @weebly featured in the #ipadpro at the #appleevent today! Great reminder to take your website anywhere! https://t.co…,Mon Mar 21 23:40:37 +0000 2016,en,9,False,0,False,,David Rusenko,drusenko
"RT @weebly: ""Your Resume Should be a Link, Not an Attachment: 7 Reasons the Paper Resume is Dead"" by @drusenko on @LinkedIn https://t.co/gZ…",Sat Mar 19 04:27:32 +0000 2016,en,10,False,0,False,,David Rusenko,drusenko
".@schoupbadoop we wanted a short, memorable, friendly name to help get over the intimidation of starting a business. @weebly was available!",Tue Mar 15 03:20:01 +0000 2016,en,0,False,2,False,,David Rusenko,drusenko
"RT @drigbye: @harris I wrote a short summary of how @drusenko things about pricing products: https://t.co/cabxwar16O Great show Aaron, keep…",Fri Mar 11 17:16:17 +0000 2016,en,1,False,0,False,,David Rusenko,drusenko
"RT @astro_timpeake: I'd like to apologise to the lady I just called by mistake saying 'Hello, is this planet Earth?' - not a prank call...j…",Fri Dec 25 23:04:01 +0000 2015,en,30552,False,0,False,,David Rusenko,drusenko
RT @SpaceX: Another view of Falcon 9 first stage approaching Landing Zone 1 https://t.co/i5oNfSYmrc,Tue Dec 22 20:37:06 +0000 2015,en,6230,False,0,False,,David Rusenko,drusenko
RT @elonmusk: Live video from LZ-1 https://t.co/Ve6gEXfOdh,Tue Dec 22 20:35:57 +0000 2015,en,5976,False,0,False,,David Rusenko,drusenko
"RT @elonmusk: 11 satellites deployed to target orbit and Falcon has landed back at Cape Canaveral. Headed to LZ-1. Welcome back, baby!",Tue Dec 22 02:52:49 +0000 2015,en,10355,False,0,False,,David Rusenko,drusenko
RT @gtwhitesides: Congrats to @SpaceX and everyone who contributed to this technology. Great accomplishment. Exciting times for space indus…,Tue Dec 22 02:19:03 +0000 2015,en,76,False,0,False,,David Rusenko,drusenko
"RT @SpaceX: Long exposure of launch, re-entry, and landing burns https://t.co/Vw1ZJAtvhy",Tue Dec 22 02:15:48 +0000 2015,en,10892,False,0,False,,David Rusenko,drusenko
RT @SpaceX: First look at our massive new Landing Zone 1 https://t.co/cABp3IYmcl,Tue Dec 22 02:15:10 +0000 2015,en,1286,False,0,False,,David Rusenko,drusenko
RT @sama: SPACEX ROCKET LANDS!,Tue Dec 22 02:13:46 +0000 2015,en,155,False,0,False,,David Rusenko,drusenko
RT @SpaceX: The Falcon 9 first stage landing is confirmed. Second stage continuing nominally. https://t.co/RX2QKSl0z7,Tue Dec 22 01:58:57 +0000 2015,en,14936,False,0,False,,David Rusenko,drusenko
🚀🚀🚀 #spacex history in the making! https://t.co/9Ndoph6yaA,Tue Dec 22 01:45:16 +0000 2015,en,0,False,5,False,,David Rusenko,drusenko
RT @reedforenglish: @drusenko  https://t.co/CdDcAok4oI,Fri Dec 18 04:45:56 +0000 2015,und,1,False,0,False,,David Rusenko,drusenko
"@sama others point out cynicism can be healthy and I agree. but when it's the overwhelming response, makes you wonder if it's just cynicism.",Wed Dec 02 16:56:04 +0000 2015,en,0,False,1,False,,David Rusenko,drusenko
"RT @sama: Just saw a relevant shirt on the subway: ""I'm looking for something to be offended about today.""",Wed Dec 02 16:51:11 +0000 2015,en,124,False,0,False,,David Rusenko,drusenko
@sama he's giving away 99% of his shares / $45b and the top comment calls him self centered. what more do you want from the guy?,Wed Dec 02 16:09:13 +0000 2015,en,0,False,6,False,,David Rusenko,drusenko
@sama hn's reaction? me too.,Wed Dec 02 16:06:06 +0000 2015,en,0,False,0,False,,David Rusenko,drusenko
"Welcome to the team, @kimjabal! Excited to have you onboard as CFO. https://t.co/upzmQGv3Ny",Fri Nov 13 20:25:28 +0000 2015,en,1,False,7,False,,David Rusenko,drusenko
"Save the date for the annual Weebly Holiday Party: December 11th, 2015!",Mon Nov 02 19:40:53 +0000 2015,en,0,False,4,False,,David Rusenko,drusenko
RT @_TheFamily: Happy to host @drusenko tonight! #BienvenueWeebly https://t.co/mQMPsneXlS,Sun Nov 01 18:52:53 +0000 2015,en,3,False,0,False,,David Rusenko,drusenko
Answering questions on Weebly Carbon on Product Hunt... Join in! https://t.co/RkEsGAfgQF,Thu Oct 15 16:27:41 +0000 2015,en,0,False,2,False,,David Rusenko,drusenko
"RT @sequoia: Two biggest challenges in building a company: 
1. Finding product-market fit 
2. Building a team thoughtfully 
- @drusenko #la…",Wed Oct 14 18:10:29 +0000 2015,en,120,False,0,False,,David Rusenko,drusenko
"@Ray_Sturm @roelofbotha @Jason glad to hear that, thanks!",Wed Oct 14 18:03:54 +0000 2015,en,0,False,1,False,,David Rusenko,drusenko
@bwhateley that's awesome! looks like a young entrepreneur in the making.,Wed Oct 14 17:56:46 +0000 2015,en,0,False,1,False,,David Rusenko,drusenko
Fun discussion at #launchscale with @roelofbotha. Thanks for having us @Jason http://t.co/NSkNgsjyrh,Wed Oct 14 17:26:40 +0000 2015,en,4,False,16,False,,David Rusenko,drusenko
RT @ToscaKilloran: @weebly HOLY MOLY!! SWEET CHANGES YO!!! All caps excited with #carbon. :),Fri Oct 02 02:41:05 +0000 2015,en,2,False,0,False,,David Rusenko,drusenko
"RT @sammweber: Alright, @weebly, I see you. Love the launch of Carbon — nice work!",Fri Oct 02 02:40:25 +0000 2015,en,1,False,0,False,,David Rusenko,drusenko
@brezina thanks! great to finally get this out there!!,Fri Oct 02 02:39:54 +0000 2015,en,0,False,0,False,,David Rusenko,drusenko
RT @brezina: The new Carbon website builder from @weebly looks awesome https://t.co/ftNByZZ3wt. Congrats @drusenko @danveltri @paulsilvis &amp;…,Fri Oct 02 02:39:14 +0000 2015,en,4,False,0,False,,David Rusenko,drusenko
RT @jaymietsmith: @weebly really loving the new update means I can update my website whenever I need to on the go #GreatJob,Fri Oct 02 02:38:06 +0000 2015,en,1,False,0,False,,David Rusenko,drusenko
"RT @MBrien91: #Carbon may be one of the most common elements, but this is update is far from ordinary. I love the update @weebly",Fri Oct 02 02:37:25 +0000 2015,en,4,False,0,False,,David Rusenko,drusenko
RT @paulg: Want to make a web site for your business? The obvious choice just got obviouser: http://t.co/IAo3JefmHj,Thu Oct 01 17:43:41 +0000 2015,en,28,False,0,False,,David Rusenko,drusenko
"RT @weebly: Entrepreneurs, dreamers and makers, it's time to meet Carbon, the next generation of Weebly! http://t.co/ET5ORtA5O7 http://t.co…",Thu Oct 01 16:58:54 +0000 2015,en,26,False,0,False,,David Rusenko,drusenko
"Pop the champagne, it's been 5+ years since I've seen the bottom!… https://t.co/cD6Ba30Jts",Sat Aug 15 01:56:52 +0000 2015,en,0,False,3,False,,David Rusenko,drusenko
"This is awesome. Although, maybe a tad early for an internship? https://t.co/0Oo0FZ6xh0",Thu Aug 13 18:55:31 +0000 2015,en,0,False,5,False,,David Rusenko,drusenko
Trip to Petaluma to watch the #perseids #impromptutrip #airbnbftw… https://t.co/ft750iQbCM,Thu Aug 13 02:56:55 +0000 2015,en,0,False,3,False,,David Rusenko,drusenko
oh thank god! http://t.co/lT8sWf9dAh,Thu Aug 06 23:01:26 +0000 2015,en,0,False,3,False,,David Rusenko,drusenko
".@Recode wants it both ways, not @Reddit. Criticize for not banning http://t.co/5BV9MlIPRe then criticize for banning http://t.co/ySB6PQSnp3",Thu Aug 06 01:09:39 +0000 2015,en,0,False,0,False,,David Rusenko,drusenko
.@ADP shows a complete disregard for hurting their small biz customers. Time to tell them that's not OK. #ADPeeved http://t.co/sDpSbgbD76,Tue Jun 09 22:00:06 +0000 2015,en,1,False,4,False,,David Rusenko,drusenko
Going to be switching off @ADP if they continue to block @Zenefits. Love how they're totally willing to throw their customers under the bus.,Tue Jun 09 21:57:49 +0000 2015,en,8,False,22,False,,David Rusenko,drusenko
@DavidHumpston we were going to lose our flight. After @AerLingus made us wait for 20 mins they found us some seats. Nerve wracking!,Sun May 31 10:34:00 +0000 2015,en,0,False,1,False,,David Rusenko,drusenko
Apparently arriving 1.5+ hours before your flight is not soon enough when @AerLingus has oversold your flight. Absolutely disgraceful.,Sun May 31 10:08:49 +0000 2015,en,0,False,0,False,,David Rusenko,drusenko
So excited to be at PSU for #ISTStartup! http://t.co/f2ojwjvuMj,Fri Apr 17 18:30:35 +0000 2015,en,1,False,10,False,"{'coordinates': [-77.86145286, 40.79840533], 'type': 'Point'}",David Rusenko,drusenko
This is awesome. https://t.co/2x3w0Lh4JQ,Wed Apr 15 21:45:50 +0000 2015,en,0,False,3,False,,David Rusenko,drusenko
It's going to be so exciting when it finally lands! Getting close. https://t.co/Hw6Yb3jc1P,Tue Apr 14 20:32:16 +0000 2015,en,0,False,0,False,,David Rusenko,drusenko
@bdc same! hope you had a good time.,Fri Nov 14 07:49:58 +0000 2014,en,0,False,0,False,"{'coordinates': [-122.41254696, 37.80042942], 'type': 'Point'}",David Rusenko,drusenko
Ad astra per aspera,Fri Oct 31 20:37:21 +0000 2014,it,0,False,1,False,"{'coordinates': [-122.41269292, 37.80035054], 'type': 'Point'}",David Rusenko,drusenko
Space is hard. I'll go up when they're ready.,Fri Oct 31 20:24:07 +0000 2014,en,0,False,1,False,"{'coordinates': [-122.41257842, 37.80046902], 'type': 'Point'}",David Rusenko,drusenko
Tragic day for @virgingalactic and #SpaceShipTwo. So sad.,Fri Oct 31 20:17:57 +0000 2014,en,0,False,1,False,"{'coordinates': [-122.41263015, 37.80042727], 'type': 'Point'}",David Rusenko,drusenko
@DMCADefender we receive many DMCAs every day and take action on all. we're not ignoring you. fwd me your notice so i can look into it?,Thu Oct 30 17:39:01 +0000 2014,en,0,False,0,False,,David Rusenko,drusenko
@retro_cables what are you trying to use the ipn redirect for? would love to figure it out for you.,Thu Oct 30 17:30:16 +0000 2014,en,0,False,0,False,,David Rusenko,drusenko
@DMCADefender @weebly We reply to all valid DMCA notices promptly. http://t.co/CGbMiw4GXX,Thu Oct 30 17:29:28 +0000 2014,en,0,False,0,False,,David Rusenko,drusenko
"launching ""We Believe"" tv campaign today. excited! http://t.co/2MSehJ5d6p #weeblytv",Mon Oct 20 17:24:06 +0000 2014,en,6,False,6,False,,David Rusenko,drusenko
RT @mikemuch: New Weebly App Lets You Build a Website Using the iPad http://t.co/upTQvnCAqt,Thu Oct 09 18:52:48 +0000 2014,en,1,False,0,False,,David Rusenko,drusenko
"RT @TedSchadler: Digital professionals deserve great user experiences, too. Weebly shows how with an iPad web design tool. New post. http:/…",Thu Oct 09 18:44:46 +0000 2014,en,4,False,0,False,,David Rusenko,drusenko
Bobby Ore (Round 3) http://t.co/ANg65UbYgM,Sat Oct 04 23:00:03 +0000 2014,en,0,False,0,False,,David Rusenko,drusenko
NYT wrote about Weebly's pretty unique Trial Week today. Pick up the paper if you get a chance and check it out! http://t.co/kcMGg2jPaw,Thu Sep 11 22:36:58 +0000 2014,en,0,False,2,False,,David Rusenko,drusenko
On phones in Scottsdale with Dan and Chris for an hour. If you call before 3pm you'll talk to one of the founders! http://t.co/AZZeeb6YOM,Wed Sep 10 21:33:45 +0000 2014,en,1,False,11,False,,David Rusenko,drusenko
Weebly co-hosting open bar with @SVB_Financial and @TechCaresSF Monday after TC Disrupt benefitting @hackthehood. https://t.co/HFzlpnLTS9,Fri Sep 05 16:28:10 +0000 2014,en,6,False,5,False,,David Rusenko,drusenko
RT @oaklandlocal: #Oakland smallbiz? Non-profit @hackthehood will build you a free @weebly web site if you sign up before August 8th:  http…,Thu Jul 31 19:38:10 +0000 2014,en,5,False,0,False,,David Rusenko,drusenko
"RT @TechCaresSF: We're throwing a ""Yappy Hour"" benefitting the @sfspca  on July 16 at 7 PM at @bloodhoundsf. Tickets: https://t.co/YEqnTWdv…",Mon Jul 14 20:46:09 +0000 2014,en,4,False,0,False,,David Rusenko,drusenko
Verifying myself: My Bitcoin username is +drusenko. https://t.co/DJpxtj1fav #bitcoin,Thu Jul 10 21:55:51 +0000 2014,en,0,False,4,False,,David Rusenko,drusenko
"At @popsceneSF with @heychamp, they're KILLING it! http://t.co/Sb3z66uuMa",Fri May 30 06:27:51 +0000 2014,en,1,False,3,False,"{'coordinates': [-122.42051137, 37.77626278], 'type': 'Point'}",David Rusenko,drusenko
Congrats to @swagnr on being named CEO of @HuntsmanAG! Incredibly talented doesn't even start to describe him. Lucky to be working with him!,Tue Apr 29 17:01:56 +0000 2014,en,0,False,1,False,,David Rusenko,drusenko
RT @StevenLevy: Can't believe it's been 7 yrs since I saw birth of @weebly.  Now it's worth almost $.5B! http://t.co/GKZdEVUKp1 http://t.co…,Wed Apr 23 00:22:38 +0000 2014,en,10,False,0,False,,David Rusenko,drusenko
"@davemcclure thanks dave! we should catch up sometime soon, been too long...",Tue Apr 22 18:17:19 +0000 2014,en,0,False,1,False,,David Rusenko,drusenko
RT @paulg: Weebly is probably the most quietly successful company YC has funded: http://t.co/FqtGtZYO7b,Tue Apr 22 17:41:53 +0000 2014,en,50,False,0,False,,David Rusenko,drusenko
"RT @WSJD: Amid a website-building boom, Weebly has a new round of funding valuing the startup at $455 million. http://t.co/JpA9reUwj2",Tue Apr 22 15:10:38 +0000 2014,en,11,False,0,False,,David Rusenko,drusenko
"RT @TechCaresSF: Excited to announce our next Fundraiser feat. @BUILDNational, co-hosted by @SVB_Financial , April 22 at Jones in SF! https…",Thu Apr 17 19:10:55 +0000 2014,en,2,False,0,False,,David Rusenko,drusenko
So much fun to be back at Penn State and meet all of the students! So many people working on startups. #ISTstartup http://t.co/ix3VH2Zvoq,Fri Apr 11 20:36:17 +0000 2014,en,0,False,6,False,"{'coordinates': [-77.85828263, 40.79352541], 'type': 'Point'}",David Rusenko,drusenko
@lzieziula great to be here!,Fri Apr 11 20:35:02 +0000 2014,en,0,False,1,False,"{'coordinates': [-77.85833613, 40.79359318], 'type': 'Point'}",David Rusenko,drusenko
Packed talk for Steve Huffman's talk! #ISTstartup http://t.co/1BG806Yg8Y,Fri Apr 11 17:39:23 +0000 2014,en,6,False,9,False,"{'coordinates': [-77.86881134, 40.7938033], 'type': 'Point'}",David Rusenko,drusenko
"RT @sama: Startups, Role Models, Risk, and Y Combinator: http://t.co/ddV4HiALtM",Tue Mar 25 22:09:46 +0000 2014,en,36,False,0,False,,David Rusenko,drusenko
RT @daehee: Excited to join other Penn State entrepreneurs at IST Startup Week http://t.co/9esJ7S1iGT @johnmarino @drusenko @brezina,Fri Mar 14 22:33:21 +0000 2014,en,4,False,0,False,,David Rusenko,drusenko
My wife started the T.E.C.H. Foundation. Beer tasting tonight in SF for the local charity Family House. Tickets here: http://t.co/awOfSh3CXD,Tue Feb 25 15:26:46 +0000 2014,en,1,False,0,False,,David Rusenko,drusenko
"@gerryshih @mcbridesg sequoia has been an absolute pleasure to work with, incredibly helpful. thanks for including us in the article!",Fri Feb 21 04:39:29 +0000 2014,en,0,False,3,False,,David Rusenko,drusenko
"RT @gerryshih: after @jimgoetz Whatsapp exit, Sequoia reputation burnished even more @drusenko  http://t.co/4OEDdkbH8I",Fri Feb 21 04:34:15 +0000 2014,en,1,False,0,False,,David Rusenko,drusenko
RT @CraigArthurPete: Congrats 2 investors @drusenko @alexisohanian @sama @patrickc @tikhon @brezina 4 the sale of @justinkan &amp; @danielkan's…,Thu Jan 16 17:46:36 +0000 2014,en,1,False,0,False,,David Rusenko,drusenko
@joshgrenon winter is coming!,Thu Jan 09 10:06:49 +0000 2014,en,0,False,0,False,,David Rusenko,drusenko
Insightful Quora answer by Mike Maples on whether increasing total funding increases the # of awesome tech companies. http://t.co/ZS6xE6C0vs,Sat Dec 28 02:10:16 +0000 2013,en,1,False,0,False,,David Rusenko,drusenko
"RT @moi4ever: As if offering the #best #blogging #platform was not enough ♥, @weebly  might send us gifts too #weeblygift  :-)",Fri Dec 20 21:31:51 +0000 2013,en,1,False,0,False,,David Rusenko,drusenko
Help Weebly win a couple Crunchies! Vote every day until Sunday here: http://t.co/A83YTcTgd1 and here: http://t.co/NkBdAVwacK,Fri Dec 13 17:55:40 +0000 2013,en,0,False,0,False,,David Rusenko,drusenko
Weebly 2013 Live DJ Set http://t.co/JC2gog1MdC,Mon Dec 09 22:09:39 +0000 2013,en,0,False,1,False,,David Rusenko,drusenko
Any plans tonight? #tctokyo2013 #tctokyo,Tue Nov 12 08:54:18 +0000 2013,en,0,False,0,False,,David Rusenko,drusenko
RT @passionhack: WeeblyのCEO、David Rusenko氏、若い！#tctokyo2013 http://t.co/kab5thic5Q,Tue Nov 12 08:53:05 +0000 2013,ja,4,False,0,False,,David Rusenko,drusenko
"Really high quality set of startup presentations at #tctokyo2013 #tctokyo, very impressed!",Tue Nov 12 08:50:52 +0000 2013,en,2,False,2,False,,David Rusenko,drusenko
.@ericschmidt thanks for the recommendation on g+ today! happy to learn that you're a @weebly fan. https://t.co/OfKUvjPcP8,Thu Oct 31 02:33:25 +0000 2013,en,0,False,2,False,,David Rusenko,drusenko
.@RonP thanks! it's a fun first day.,Thu Oct 24 02:01:16 +0000 2013,en,0,False,2,False,,David Rusenko,drusenko
@elisabethbraw love the parachuting weeblies in the background!,Wed Oct 16 07:32:15 +0000 2013,en,0,False,0,False,,David Rusenko,drusenko
@_shahedk just saw your portfolio from ilter. love your work. would love to talk about a full-time gig at weebly.,Thu Sep 12 21:33:00 +0000 2013,en,0,False,1,False,,David Rusenko,drusenko
Live at TC Disrupt/SVB After Party http://t.co/tN7bzF19Iu,Wed Sep 11 22:46:36 +0000 2013,en,0,False,2,False,,David Rusenko,drusenko
RT @SVB_Financial: Going to #TCDisrupt? Stop by #SVB &amp; @Crowdtilt afterparty 9/9 to raise $$ for @llsusa. Music by @weebly's @drusenko http…,Fri Sep 06 22:40:31 +0000 2013,en,3,False,0,False,,David Rusenko,drusenko
Electro Swing (Live at Cafe Cocomo) http://t.co/gHADmdXd19,Mon Aug 05 23:50:00 +0000 2013,en,0,False,0,False,,David Rusenko,drusenko
Our Burning Man camp is throwing a fundraiser party this Sunday! http://t.co/5zOXXRR6T8,Mon Jul 29 18:57:45 +0000 2013,en,0,False,0,False,,David Rusenko,drusenko
"RT @sarahneedleman: .@drusenko: When You Can’t Find the Right Name, Create It - The Accelerators - WSJ http://t.co/uXLy5EuOod via @WSJ",Fri Jul 19 22:01:12 +0000 2013,en,2,False,0,False,,David Rusenko,drusenko
".@WSJ guest post: When You Can't Find the Right Name, Create It. http://t.co/0ePWyAMQXG",Fri Jul 19 21:38:15 +0000 2013,en,4,False,0,False,,David Rusenko,drusenko
".@AnyDO love the new Cal app but you've GOT to put more visual weight on the time left of events, I can't scan the list. iOS 6 does it right",Thu Jul 11 18:52:28 +0000 2013,en,0,False,0,False,,David Rusenko,drusenko
RT @Eunner: I just crash landed at SFO. Tail ripped off. Most everyone seems fine. I'm ok. Surreal... (at @flySFO) [pic] — https://t.co/E6U…,Sat Jul 06 19:33:13 +0000 2013,en,30716,False,0,False,,David Rusenko,drusenko
@KTVU photo from crash survivor https://t.co/nmjwNQRLg6,Sat Jul 06 19:21:22 +0000 2013,en,0,False,0,False,,David Rusenko,drusenko
"@webster @jakelodwick replied here, we stopped the annoying emails, already live: https://t.co/uyLXvAXXiq",Tue May 14 17:41:38 +0000 2013,en,0,False,1,False,,David Rusenko,drusenko
"RT @qhardy: Yes, we're getting another 100 million websites. http://t.co/MMKIIIgAOR",Thu May 02 15:29:00 +0000 2013,en,7,False,0,False,,David Rusenko,drusenko
RT @hua: Steve Huffman from @thehipmunk and @tikhon at #ISTstartup at Penn State http://t.co/JkP27qF82y,Fri Mar 22 19:09:31 +0000 2013,en,2,False,0,False,,David Rusenko,drusenko
RT @tiesto: Shout out to all the Penn Staters dancing at #THON. You are amazing. Keep on dancing.  Its for the kids! #weare,Sun Feb 17 19:24:02 +0000 2013,en,703,False,0,False,,David Rusenko,drusenko
Bobby Ore Stunt Driving School http://t.co/RXrf6enq,Wed Feb 13 08:33:25 +0000 2013,en,0,False,0,False,,David Rusenko,drusenko
"paz is one crazy ass dude, you gotta check this out: https://t.co/YttjpMLD",Tue Feb 05 18:53:49 +0000 2013,en,1,False,0,False,,David Rusenko,drusenko
"@daryl damn :) also, if you're in the pittsburgh area, we're doing another startup week at PSU this year (last year's http://t.co/cULIg7lo)",Fri Jan 04 23:42:04 +0000 2013,en,2,False,0,False,,David Rusenko,drusenko
"@petuhjeon ramen, ice cream, frozen meals, and drank our weight in alcohol",Fri Jan 04 23:38:34 +0000 2013,en,0,False,0,False,,David Rusenko,drusenko
@daryl http://t.co/nW4yqfxi -- very very cool. looking for a full-time gig?,Fri Jan 04 23:34:48 +0000 2013,en,0,False,0,False,,David Rusenko,drusenko
New Music: Disco House http://t.co/wld8GS31,Thu Dec 27 20:39:54 +0000 2012,en,0,False,0,False,,David Rusenko,drusenko
@topherc you got it! really glad i remembered the press record this time :),Thu Dec 20 22:19:40 +0000 2012,en,0,False,0,False,,David Rusenko,drusenko
Weebly 2012 Live DJ Set http://t.co/Hj4i48PP,Thu Dec 20 01:15:34 +0000 2012,en,3,False,1,False,,David Rusenko,drusenko
"@MixedInKey ding ding! this worked, i only lost about 5 seconds of work. thanks for making it auto-save! ;)",Thu Nov 22 17:50:57 +0000 2012,en,1,False,1,False,,David Rusenko,drusenko
@MixedInKey I was working on Mashup and got a beachball... Really want to keep my work and not force quit. Any ideas?,Thu Nov 22 07:57:54 +0000 2012,en,0,False,0,False,,David Rusenko,drusenko
@techcrunch unfortunate logo cropping in google reader... http://t.co/fuPLXShf,Tue Nov 20 18:34:56 +0000 2012,en,0,False,2,False,,David Rusenko,drusenko
RT @FauxJohnMadden: BREAKING:  Apple Maps projecting Barack Obama to win Brazil.,Wed Nov 07 04:03:19 +0000 2012,en,5903,False,0,False,,David Rusenko,drusenko
RT @waynesutton: #1 Lesson you can't succeed if you quit via @drusenko weebly #startupschool  @ Memorial Auditorium http://t.co/ojnZMyt9,Sun Oct 21 04:04:03 +0000 2012,en,6,False,0,False,,David Rusenko,drusenko
@kul thanks man! those were some fun times.,Sun Oct 21 03:57:46 +0000 2012,en,0,False,0,False,,David Rusenko,drusenko
The Offices of Weebly - Office Snapshots http://t.co/5RqJiUsp via @officesnapshots,Tue Oct 02 17:42:57 +0000 2012,en,3,False,2,False,,David Rusenko,drusenko
Those new Mac ads are horrible,Sun Jul 29 06:05:06 +0000 2012,en,0,False,0,False,,David Rusenko,drusenko
@jasonnazar @Bloomberg That was a lot of fun! Next time I'm in LA we'll have a ping-pong re-match on your home turf :),Sat Jul 28 01:33:34 +0000 2012,en,0,False,0,False,,David Rusenko,drusenko
Where Is the Best Place to Launch a Start-Up? via @BloombergTV http://t.co/7l5XdKD3,Sat Jul 28 01:30:46 +0000 2012,en,2,False,2,False,,David Rusenko,drusenko
Awesome Weebly review: http://t.co/AA75k5v5,Fri Jul 06 17:33:17 +0000 2012,en,3,False,0,False,,David Rusenko,drusenko
Congrats to Cue on an incredible pivot and relaunch: http://t.co/SuWO42N3 -- check it out at http://t.co/jrUMHmcn,Tue Jun 19 16:54:15 +0000 2012,en,1,False,0,False,,David Rusenko,drusenko
RT @Mixergy: How Weebly Quietly Became A Giant Publishing Platform  with David Rusenko http://t.co/DvfQsodh,Wed May 30 17:58:04 +0000 2012,en,4,False,0,False,,David Rusenko,drusenko
RT @briprowe: Just attended ClojureNYC Meetup. Amazing talks! Esp. Kovas Boguta's,Thu May 17 06:26:37 +0000 2012,en,1,False,0,False,,David Rusenko,drusenko
@lawrencecoburn we should do it again!,Fri May 11 18:20:27 +0000 2012,en,0,False,0,False,,David Rusenko,drusenko
@bhunstable Weebly deals with very large-scale DDoS attacks on a regular basis. happy to help in any way possible! (sent you an email too),Wed May 09 19:39:27 +0000 2012,en,2,False,0,False,,David Rusenko,drusenko
AARP http://t.co/xb2tY92S,Tue May 08 16:27:01 +0000 2012,nl,0,False,0,False,,David Rusenko,drusenko
@JeffMiller everything else is true..... but I am on twitter :),Thu May 03 17:40:13 +0000 2012,en,0,False,0,False,,David Rusenko,drusenko
@jasonkincaid thank you sir! when are you going to be in town next? been a while...,Thu May 03 00:14:27 +0000 2012,en,0,False,0,False,,David Rusenko,drusenko
"@andrewchen thanks :) was really great to have your input back then. believe it or not, they have improved significantly since!",Wed May 02 22:48:28 +0000 2012,en,0,False,0,False,,David Rusenko,drusenko
AllThingsD: Weebly CEO David Rusenko http://t.co/V6V31MOt,Wed May 02 21:19:15 +0000 2012,de,3,False,1,False,,David Rusenko,drusenko
Weebly Adds Slick iOS App To Its Quietly Huge Web Site Creation Business http://t.co/jTflaGeR via @techcrunch,Wed May 02 21:18:42 +0000 2012,en,0,False,1,False,,David Rusenko,drusenko
RT @JonDishotsky: My website has been live for a while now and its awesome! http://t.co/IVOhFXDs I also used my client @weebly @danveltr ...,Fri Apr 20 20:55:13 +0000 2012,en,1,False,0,False,,David Rusenko,drusenko
Last hour of the hackathon! #ISTstartup http://t.co/qeDA5Jkd,Sat Apr 14 21:36:47 +0000 2012,en,1,False,0,False,,David Rusenko,drusenko
"@justinkan steve has been jokingly referring to Hipmunk as ""Pinterest for Travel"" all weekend",Sat Apr 14 00:43:06 +0000 2012,en,0,False,0,False,,David Rusenko,drusenko
Kicking off the hackathon! #ISTstartup,Fri Apr 13 21:16:20 +0000 2012,en,0,False,0,False,,David Rusenko,drusenko
"RT @wxdevin: ""The big fat disclaimer of startup advice is that it doesn't apply to you."" #ISTstartup",Fri Apr 13 17:59:27 +0000 2012,en,1,False,0,False,,David Rusenko,drusenko
Steve Huffman #ISTstartup http://t.co/babPtrON,Fri Apr 13 17:40:38 +0000 2012,en,0,False,0,False,,David Rusenko,drusenko
"@zzimbler @davidzhangtogo sounds great, see you guys then!",Fri Apr 13 17:37:37 +0000 2012,en,0,False,0,False,,David Rusenko,drusenko
Steve Huffman speaking to a standing-room only crowd! #ISTstartup http://t.co/48otIxwC,Fri Apr 13 17:36:43 +0000 2012,en,1,False,0,False,,David Rusenko,drusenko
"RT @JonathanRing: ""San Francisco is the capital of the internet."" @brezina #ISTstartup",Fri Apr 13 17:27:59 +0000 2012,en,2,False,0,False,,David Rusenko,drusenko
@JustStormy It got smashed into pieces when we moved out! Pretty sure @justinkan did it...,Thu Apr 12 20:59:24 +0000 2012,en,0,False,0,False,,David Rusenko,drusenko
Great in-depth breakdown of tools and concepts useful in growing a startup #mulu #ISTstartup http://t.co/jd6YLxeS,Thu Apr 12 20:47:11 +0000 2012,en,0,False,0,False,,David Rusenko,drusenko
At Chris' #ISTstartup talk about @weebly infrastructure! http://t.co/JR5ygCZS,Thu Apr 12 17:16:48 +0000 2012,en,0,False,0,False,,David Rusenko,drusenko
Just landed in SCE! #ISTstartup http://t.co/t2NZK54h,Thu Apr 12 03:45:16 +0000 2012,en,1,False,1,False,,David Rusenko,drusenko
Looks like #ISTstartup week is off to a great start! Getting ready to head to the airport. http://t.co/RsivBM4w,Wed Apr 11 17:10:32 +0000 2012,en,0,False,0,False,,David Rusenko,drusenko
With @rrwhite at the MUNI centennial #edlee #senatorfeinstein http://t.co/fCFNG4of,Thu Apr 05 17:42:35 +0000 2012,en,1,False,0,False,,David Rusenko,drusenko
RT @kn0thing: This is shaping up to be an awesome startup event at @PennState @drusenko http://t.co/52QpEL5s,Fri Mar 30 23:04:01 +0000 2012,en,3,False,0,False,,David Rusenko,drusenko
"Thank you! The first time I read it I assumed it must be a joke. RT @techcrunch You Say ""SoLoMo"" I Say ""I Hate My Life"" http://t.co/zavyTY3q",Sun Mar 25 08:56:00 +0000 2012,en,0,False,0,False,,David Rusenko,drusenko
RT @Sprouter: Weebly founder David Rusenko turned a class project into a successful business http://t.co/1983GeHV,Wed Mar 21 17:03:28 +0000 2012,en,3,False,0,False,,David Rusenko,drusenko
#FixYoungAmerica: http://t.co/g9HjybTc -- Let's fight the epidemic of youth unemployment.,Thu Mar 15 19:46:02 +0000 2012,en,0,False,0,False,,David Rusenko,drusenko
"RT @Seattle_Sarah: ""Business is making people's lives better, and people giving you money for it"" - David Rusenko, Weebly CEO #plaSanFran",Fri Mar 09 23:08:37 +0000 2012,en,1,False,0,False,,David Rusenko,drusenko
@mudmtn this is hilarious. mcdonalds and pizza hut?,Fri Feb 17 00:42:56 +0000 2012,en,0,False,0,False,,David Rusenko,drusenko
@DJTrevorSimpson What set were you guys playing on HD2 at 8:05pm today that had Mord Fustang in it? That was awesome.,Sat Jan 21 04:33:25 +0000 2012,en,0,False,0,False,,David Rusenko,drusenko
RT @mayoredlee: Tweeting during my inaugural address! Couldn't wait to share great job numbers & improving umemployment rate in SF! http ...,Sun Jan 08 20:05:02 +0000 2012,en,182,False,0,False,,David Rusenko,drusenko
Very honored to be in @forbes 30 under 30 http://t.co/a1jzSnOA,Tue Dec 20 07:24:04 +0000 2011,en,1,False,1,False,,David Rusenko,drusenko
"@digitalismMusic any chance I could get ""the things dreams are made of"" dub you had on the kitsune tabloid mix? pretty please? :)",Wed Nov 16 07:24:52 +0000 2011,en,0,False,0,False,,David Rusenko,drusenko
deadmau5 Meowingtons Hax Tour visuals - Behind the Scenes http://t.co/v2c2SUCo,Sun Oct 30 19:37:29 +0000 2011,en,0,False,0,False,,David Rusenko,drusenko
"If anybody else has a bricked iPhone trying to upgrade to iOS5, restart your computer. That did the trick for me.",Wed Oct 12 21:16:04 +0000 2011,en,1,False,0,False,,David Rusenko,drusenko
@CosmicScale Same thing happened to me. let me know if you figure it out :-/,Wed Oct 12 20:48:13 +0000 2011,en,0,False,0,False,,David Rusenko,drusenko
"@ThatBrentGuy Same here, iOS 5 has so far managed to brick my phone pretty well. WTF",Wed Oct 12 20:36:56 +0000 2011,en,0,False,0,False,,David Rusenko,drusenko
michigan vs ND....... what just happened?,Sun Sep 11 04:10:20 +0000 2011,en,2,False,0,False,,David Rusenko,drusenko
earthquake in sf. woooo!,Wed Aug 24 06:39:52 +0000 2011,en,1,False,0,False,,David Rusenko,drusenko
hi reddit http://t.co/rEXgpZm,Tue Aug 23 16:46:39 +0000 2011,en,0,False,0,False,,David Rusenko,drusenko
"@DJTrevorSimpson huge fan, love what you guys are doing with the HD2 station. listen to it almost exclusively when in my car.",Tue Aug 16 06:37:54 +0000 2011,en,0,False,0,False,,David Rusenko,drusenko
"Going to be presenting at YC NYC on September 26, 2011 -- more info at http://t.co/Yyy205o",Mon Aug 15 23:14:19 +0000 2011,en,0,False,0,False,,David Rusenko,drusenko
@tikhon and 2nd half of 2011? ;),Mon Aug 15 17:54:13 +0000 2011,en,0,False,0,False,,David Rusenko,drusenko
@gustaf thanks dude!,Mon Aug 15 17:37:55 +0000 2011,en,0,False,0,False,,David Rusenko,drusenko
@pm thank you sir :),Mon Aug 15 17:37:30 +0000 2011,en,0,False,0,False,,David Rusenko,drusenko
Startup Weebly takes profitable leap forward http://t.co/fQyAHCe via @sfgate,Mon Aug 15 17:23:38 +0000 2011,en,1,False,1,False,,David Rusenko,drusenko
Introducing the Weebly Designer Platform - http://t.co/IBXkM53,Wed Aug 03 14:47:30 +0000 2011,en,3,False,0,False,,David Rusenko,drusenko
Check out @heychampmusic's new mixtape Winner's Circle Vol 3: Cool In The Pool http://snd.sc/okRF4H http://unlock.sc/473,Tue Jul 19 22:24:36 +0000 2011,en,0,False,0,False,,David Rusenko,drusenko
@phonat any plans for a visit to San Francisco in the near future?,Thu Jul 07 03:10:28 +0000 2011,en,0,False,0,False,,David Rusenko,drusenko
"@SyntheFX Can you get a ""staggered"" light effect with Luminair for iPad? Just sent an email...",Sat Jul 02 23:32:37 +0000 2011,en,0,False,0,False,,David Rusenko,drusenko
Introducing Collaborative Website Editing - Weebly Blog http://t.co/6pDA6vo,Wed Apr 20 16:57:21 +0000 2011,en,0,False,1,False,,David Rusenko,drusenko
Weebly is looking for a System Administrator http://bit.ly/hJxiAx via @theresumator,Tue Apr 05 05:25:47 +0000 2011,en,1,False,0,False,,David Rusenko,drusenko
Expenses are like spending equity - David Rusenko http://t.co/ovQtRrw,Wed Feb 09 01:39:01 +0000 2011,en,2,False,1,False,,David Rusenko,drusenko
RT @googlechrome: Build a website in minutes with @weebly http://t11.me/F26-99 #bestchromeapp ever?,Thu Feb 03 06:00:53 +0000 2011,en,16,False,0,False,,David Rusenko,drusenko
@zachcoelius you guys are one of the best examples around!,Thu Jan 27 23:25:53 +0000 2011,en,0,False,0,False,,David Rusenko,drusenko
A Global Database for Facial Recognition - David Rusenko http://t.co/d15RJSw,Wed Jan 26 11:54:58 +0000 2011,en,0,False,0,False,,David Rusenko,drusenko
"@tikhon lost my place in line, but managed to get it back with some trickery. just got 2 tickets!",Wed Jan 19 21:17:31 +0000 2011,en,0,False,0,False,,David Rusenko,drusenko
"@tikhon awesome i thought i was the only one. i'm now ~4,000 in line. do i head back up to SF or wait it out down here? :)",Wed Jan 19 19:54:36 +0000 2011,en,0,False,0,False,,David Rusenko,drusenko
Is the Burning Man ticket queue blank for anybody else?,Wed Jan 19 19:43:13 +0000 2011,en,0,False,0,False,,David Rusenko,drusenko
nice little earthquake in san francisco,Sat Jan 08 00:12:17 +0000 2011,en,0,False,0,False,,David Rusenko,drusenko
"@brezina dude @chromeo is the shit, glad you like them. their last album is a slightly better than their latest",Sat Dec 11 02:23:09 +0000 2010,en,0,False,0,False,,David Rusenko,drusenko
On my way to #startupventures,Fri Dec 10 01:37:17 +0000 2010,en,0,False,0,False,,David Rusenko,drusenko
"nice, google calendar is down.",Thu Dec 09 05:51:53 +0000 2010,en,0,False,0,False,,David Rusenko,drusenko
Chrome webgl demos are pretty awesome,Tue Dec 07 18:42:52 +0000 2010,en,0,False,0,False,,David Rusenko,drusenko
@davemcclure This game is absolutely unbelievable!,Sat Nov 27 06:50:33 +0000 2010,en,0,False,0,False,,David Rusenko,drusenko
@dmcclure This game is absolutely unbelievable!,Sat Nov 27 06:48:09 +0000 2010,en,0,False,0,False,,David Rusenko,drusenko
@stevehargadon We're very happy you're using Weebly!,Fri Nov 19 10:17:50 +0000 2010,en,0,False,0,False,,David Rusenko,drusenko
"@globaledcon We were performing scheduled maintenance, all is back to normal now! http://weeblystatus.jaiku.com/",Fri Nov 19 09:59:14 +0000 2010,en,0,False,0,False,,David Rusenko,drusenko
"@stevehargadon We were performing scheduled maintenance, all is back to normal now! http://weeblystatus.jaiku.com/",Fri Nov 19 09:58:59 +0000 2010,en,0,False,0,False,,David Rusenko,drusenko
"#plan The Infamous Weebly Christmas Party 2010 (Manor West Nightclub San Francisco) Fri, Dec 3, 2010, 10:30pm http://planca.st/Gy7",Tue Nov 09 02:56:59 +0000 2010,en,0,False,0,False,,David Rusenko,drusenko
"Weebly, Inc. is looking for a Front-end web developer #job  http://t.co/6F5GzMA via @theresumator",Tue Oct 26 08:22:22 +0000 2010,en,1,False,0,False,,David Rusenko,drusenko
@Matera_the_Mad Sorry you didn't like Weebly :( We work hard to make Weebly easy & powerful. Would love to hear feedback: david+c@weebly.com,Mon Oct 25 20:59:48 +0000 2010,en,0,False,0,False,,David Rusenko,drusenko
RT @ywocean: Building websites seems much less painful by using #weebly. I love the demo @biztechday,Sun Oct 24 01:48:57 +0000 2010,en,1,False,0,False,,David Rusenko,drusenko
Quora: What is a good split of S/M/L/XL quantities when o... Answer: http://qr.ae/7KWY,Mon Oct 18 21:39:27 +0000 2010,en,0,False,1,False,,David Rusenko,drusenko
I am demoing @BizTechDay on Oct 23! Connect with the best entrepreneurs! Join me-&gt; http://bit.ly/9FNnKA #BTD #Demo #SF,Fri Oct 01 18:54:47 +0000 2010,en,1,False,0,False,,David Rusenko,drusenko
"Finished my first sprint triathlon with @jamiequint, @rwalker and @tikhon today! Official time still pending, but it's roughly 1hr 15mins.",Mon Sep 13 01:26:32 +0000 2010,en,0,False,0,False,,David Rusenko,drusenko
"@danieldoherty no worries, we ended up not getting a spot next to the phage. would be happy to get your thoughts -- just emailed you.",Mon Sep 13 01:25:20 +0000 2010,en,0,False,0,False,,David Rusenko,drusenko
@danieldoherty A few of us are :) Try stopping by the Phage camp @ 4:30 & Esplanade and ask around for us... They should know where we are.,Mon Aug 23 19:33:46 +0000 2010,en,0,False,0,False,,David Rusenko,drusenko
"I'm at Togo's - Financial District (570 Battery St, Jackson, San Francisco). http://4sq.com/9WA86X",Wed Aug 18 00:25:24 +0000 2010,en,0,False,0,False,,David Rusenko,drusenko
RT @ycombinator: Applications open for winter 2011 Y Combinator funding. Deadline October 19. http://ycombinator.com/apply.html,Tue Aug 17 07:34:35 +0000 2010,en,46,False,0,False,,David Rusenko,drusenko
@tim_oneil we're not aware of any problems with Weebly right now... Can you email me david+c@weebly.com with what's going on?,Tue Aug 17 07:31:59 +0000 2010,en,0,False,0,False,,David Rusenko,drusenko
"I'm at the Independent (628 Divisadero St, Hayes St, San Francisco) w/ 5 others. http://4sq.com/1XsoEq",Mon Aug 16 05:33:57 +0000 2010,en,0,False,0,False,,David Rusenko,drusenko
congrats to @Ross and @Socialtext for winning the @thestartupcup tournament! makes us feel better after losing our first game to you guys ;),Sun Aug 15 23:28:17 +0000 2010,en,0,False,0,False,,David Rusenko,drusenko
@brezina dude thanks for stopping by... good to catch up.,Sat Aug 14 22:03:51 +0000 2010,en,0,False,0,False,,David Rusenko,drusenko
@juyemura You know what you got to do...,Thu Aug 12 01:40:41 +0000 2010,en,0,False,0,False,,David Rusenko,drusenko
"I'm at Togo's - Financial District (570 Battery St, Jackson, San Francisco). http://4sq.com/9WA86X",Mon Aug 09 21:47:31 +0000 2010,en,0,False,0,False,,David Rusenko,drusenko
"I'm at Wasabi & Ginger (2299 Van Ness Ave, at Vallejo, San Francisco). http://4sq.com/5uksof",Mon Aug 09 03:14:33 +0000 2010,en,0,False,0,False,,David Rusenko,drusenko
@eddincph We're working on it now and will have the upgrades completed soon!,Thu Aug 05 09:56:00 +0000 2010,en,0,False,0,False,,David Rusenko,drusenko
"@markSmith0 not at all, your site is still safe! we're upgrading Weebly and will be back in short order.",Thu Aug 05 08:14:27 +0000 2010,en,0,False,0,False,,David Rusenko,drusenko
"I'm at Togo's - Financial District (570 Battery St, Jackson, San Francisco). http://4sq.com/9WA86X",Tue Aug 03 21:54:17 +0000 2010,en,0,False,0,False,,David Rusenko,drusenko
"I'm at Togo's - Financial District (570 Battery St, Jackson, San Francisco). http://4sq.com/9WA86X",Wed Jul 28 22:30:28 +0000 2010,en,0,False,0,False,,David Rusenko,drusenko
RT @TechCrunch Weebly’s ImagePerfect Gives Users Drag-And-Drop Image Editing http://tcrn.ch/9l96w2,Wed Jul 28 17:08:13 +0000 2010,en,0,False,1,False,,David Rusenko,drusenko
@kirklapointe unfortunately Weebly is not compatible with iPad yet... but we're working on it! there are definitely a few kinks to work out.,Wed Jul 28 16:40:33 +0000 2010,en,0,False,0,False,,David Rusenko,drusenko
@jasonkincaid 15-year-old version of me is pissed that I got my ass whooped every time I tried to play the beta online.,Wed Jul 28 16:14:21 +0000 2010,en,0,False,0,False,,David Rusenko,drusenko
"I'm at Wasabi & Ginger (2299 Van Ness Ave, at Vallejo, San Francisco). http://4sq.com/5uksof",Sat Jul 24 03:25:19 +0000 2010,en,0,False,0,False,,David Rusenko,drusenko
"I'm at Togo's - Financial District (570 Battery St, Jackson, San Francisco). http://4sq.com/9WA86X",Thu Jul 22 23:01:54 +0000 2010,en,0,False,0,False,,David Rusenko,drusenko
"I'm at Togo's - Financial District (570 Battery St, Jackson, San Francisco). http://4sq.com/9WA86X",Wed Jul 21 22:43:13 +0000 2010,en,0,False,0,False,,David Rusenko,drusenko
"I'm at Togo's - Financial District (570 Battery St, Jackson, San Francisco). http://4sq.com/9WA86X",Tue Jul 20 21:51:50 +0000 2010,en,0,False,0,False,,David Rusenko,drusenko
"I'm at Rubio's Fresh Mexican Grill (4 Embarcadero - St Level, at Drumm & Clay, San Francisco). http://4sq.com/7vf7GG",Tue Jul 20 02:57:41 +0000 2010,en,0,False,0,False,,David Rusenko,drusenko
"I'm at Wasabi & Ginger (2299 Van Ness Ave, at Vallejo, San Francisco). http://4sq.com/5uksof",Sat Jul 17 03:30:36 +0000 2010,en,0,False,0,False,,David Rusenko,drusenko
I'm at Hunan Home w/ @juyemura. http://4sq.com/81VxMQ,Fri Jul 16 19:52:24 +0000 2010,en,0,False,0,False,,David Rusenko,drusenko
"I'm at Popscene (330 Ritch St, Brannan, San Francisco). http://4sq.com/29sM8D",Fri Jul 16 04:52:20 +0000 2010,en,0,False,0,False,,David Rusenko,drusenko
RT @heychampmusic: Popscene Tonight!,Fri Jul 16 03:39:22 +0000 2010,en,1,False,0,False,,David Rusenko,drusenko
@wetheme thanks for the feedback! sounds reasonable...,Fri Jul 16 03:32:37 +0000 2010,en,0,False,0,False,,David Rusenko,drusenko
"I'm at Subway - Sacramento and Sansome (483 Sacramento, Sansome, San Francisco). http://4sq.com/ctqVb8",Thu Jul 15 22:05:05 +0000 2010,en,0,False,0,False,,David Rusenko,drusenko
"I'm at Gary Danko (800 North Point St, at Hyde St, San Francisco) w/ 2 others. http://4sq.com/qDnUw",Thu Jul 15 03:49:15 +0000 2010,en,0,False,0,False,,David Rusenko,drusenko
"I'm at The Wine Bar (2032 Polk St, Broadway, San Francisco). http://4sq.com/824M1C",Thu Jul 15 02:39:48 +0000 2010,en,0,False,0,False,,David Rusenko,drusenko
"I'm at Togo's - Financial District (570 Battery St, Jackson, San Francisco). http://4sq.com/9WA86X",Wed Jul 14 22:45:36 +0000 2010,en,0,False,0,False,,David Rusenko,drusenko
"RT @InmanNews: Google news alerts, backtype, weebly - must have online tools! @kn0thing #icsf",Wed Jul 14 01:32:47 +0000 2010,en,2,False,0,False,,David Rusenko,drusenko
"I'm at Togo's - Financial District (570 Battery St, Jackson, San Francisco). http://4sq.com/9WA86X",Wed Jul 14 00:11:50 +0000 2010,en,0,False,0,False,,David Rusenko,drusenko
"I'm at Starbucks - Battery & Clay (425 Battery St, Clay St, San Francisco). http://4sq.com/7XvAoH",Wed Jul 14 00:09:14 +0000 2010,en,0,False,0,False,,David Rusenko,drusenko
"I'm at Togo's - Financial District (570 Battery St, Jackson, San Francisco). http://4sq.com/9WA86X",Mon Jul 12 21:48:09 +0000 2010,en,0,False,0,False,,David Rusenko,drusenko
"I'm at Nick's Crispy Tacos (1500 Broadway, at Polk, San Francisco) w/ 6 others. http://4sq.com/438Q67",Sun Jul 11 21:51:18 +0000 2010,en,0,False,0,False,,David Rusenko,drusenko
@danielhoyos what do you think so far?,Sat Jul 10 22:10:48 +0000 2010,en,0,False,0,False,,David Rusenko,drusenko
"I'm at North Star Cafe (1560 Powell St, at Green St, San Francisco) w/ 4 others. http://4sq.com/7Hl0HL",Fri Jul 09 06:25:12 +0000 2010,en,0,False,0,False,,David Rusenko,drusenko
"I'm at Togo's - Financial District (570 Battery St, Jackson, San Francisco). http://4sq.com/9WA86X",Fri Jul 09 00:05:59 +0000 2010,en,0,False,0,False,,David Rusenko,drusenko
"@bgalbs @dalmaer thanks for the great writing over the years! been reading every article for a long time, and they're always worthwhile.",Thu Jul 08 03:12:44 +0000 2010,en,0,False,0,False,,David Rusenko,drusenko
@cami_rib Have you checked out Weebly for Education? http://education.weebly.com/ We developed it especially for classroom use!,Thu Jul 08 02:49:08 +0000 2010,en,0,False,0,False,,David Rusenko,drusenko
"I'm at Togo's - Financial District (570 Battery St, Jackson, San Francisco). http://4sq.com/9WA86X",Tue Jul 06 21:40:37 +0000 2010,en,0,False,0,False,,David Rusenko,drusenko
"I'm at Bed Bath & Beyond (555 9th St, at Bryant, San Francisco) w/ 2 others. http://4sq.com/4qsGrX",Sun Jul 04 02:56:36 +0000 2010,en,0,False,0,False,,David Rusenko,drusenko
"I'm at Apex hand car wash (301 6th Street, Folsom, San Francisco). http://4sq.com/99ceT9",Sun Jul 04 01:33:37 +0000 2010,en,0,False,0,False,,David Rusenko,drusenko
"I'm at Wasabi & Ginger (2299 Van Ness Ave, at Vallejo, San Francisco). http://4sq.com/5uksof",Sat Jul 03 03:08:33 +0000 2010,en,0,False,0,False,,David Rusenko,drusenko
"I'm at Togo's - Financial District (570 Battery St, Jackson, San Francisco). http://4sq.com/9WA86X",Thu Jul 01 23:59:55 +0000 2010,en,0,False,0,False,,David Rusenko,drusenko
@bluesmoon yes!,Thu Jul 01 21:21:48 +0000 2010,und,0,False,0,False,,David Rusenko,drusenko
"RT @kn0thing: Holy shit, did @reddit really just get another shoutout from Stephen Colbert? You just made my week, @StephenAtHome",Thu Jul 01 10:48:57 +0000 2010,en,5,False,0,False,,David Rusenko,drusenko
@studiolink it looks like your DNS isn't properly configured. Email us at support@weebly.com and we'll help you sort it out!,Thu Jul 01 10:43:38 +0000 2010,en,0,False,0,False,,David Rusenko,drusenko
"I'm at Togo's - Financial District (570 Battery St, Jackson, San Francisco). http://4sq.com/9WA86X",Wed Jun 30 22:47:26 +0000 2010,en,0,False,0,False,,David Rusenko,drusenko
"if you're wondering why your authorize.net transactions aren't showing up today, here's why: http://bit.ly/am7PmF",Wed Jun 30 09:49:23 +0000 2010,en,0,False,0,False,,David Rusenko,drusenko
@authorizenet decides to change their silent post API without warning or documentation. huge #fail that's taken me all day to clean up.,Wed Jun 30 07:04:11 +0000 2010,en,0,False,0,False,,David Rusenko,drusenko
@authorizenet Any updates?,Wed Jun 30 03:04:39 +0000 2010,en,0,False,0,False,,David Rusenko,drusenko
@authorizenet It looks like MD5 hash functionality has been broken since noon. Lots of other users having this problem: http://bit.ly/bJQPvH,Wed Jun 30 03:04:26 +0000 2010,en,0,False,0,False,,David Rusenko,drusenko
"RT @kn0thing: I may know HTML/CSS, but I still used @Weebly for the @TEDxYerevan site bc it rocks so much. That is all. http://bit.ly/a7EBOU",Tue Jun 29 18:30:06 +0000 2010,en,2,False,0,False,,David Rusenko,drusenko
"I'm at Togo's - Financial District (570 Battery St, Jackson, San Francisco). http://4sq.com/9WA86X",Mon Jun 28 23:32:02 +0000 2010,en,0,False,0,False,,David Rusenko,drusenko
"I'm at Panta Rei (431 Columbus, San Francisco) w/ 3 others. http://4sq.com/aKP4nN",Mon Jun 28 03:57:20 +0000 2010,en,0,False,0,False,,David Rusenko,drusenko
"I'm at Wasabi & Ginger (2299 Van Ness Ave, at Vallejo, San Francisco). http://4sq.com/5uksof",Sun Jun 27 03:38:18 +0000 2010,en,0,False,0,False,,David Rusenko,drusenko
"I'm at Columbus Cafe (562 Green St, at Grant & Columbus, San Francisco) w/ 2 others. http://4sq.com/1RK2qo",Sat Jun 26 06:11:34 +0000 2010,en,0,False,0,False,,David Rusenko,drusenko
"I'm at Ristorante Mona Lisa (Columbus ave, Broadway, San Francisco). http://4sq.com/cJRjEr",Sat Jun 26 03:41:41 +0000 2010,en,0,False,0,False,,David Rusenko,drusenko
It's a wrap! #eventtech,Fri Jun 25 23:38:13 +0000 2010,en,0,False,0,False,,David Rusenko,drusenko
"#weebly in the lead for a bit, uservoice and mogotix beat us out in the end! #eventtech",Fri Jun 25 23:03:44 +0000 2010,en,0,False,0,False,,David Rusenko,drusenko
#eventtech schedule: http://eventtech.weebly.com/agenda.html -- watch online @ justin.tv,Fri Jun 25 22:26:41 +0000 2010,en,0,False,0,False,,David Rusenko,drusenko
"""People don't know they notice the details"" @DanielleMORRILL #eventtech",Fri Jun 25 22:16:31 +0000 2010,en,0,False,0,False,,David Rusenko,drusenko
RT @WebWallflower: Lesson 1 from @edithyeung If you are unfulfilled in your job...QUIT! #eventtech,Fri Jun 25 21:55:15 +0000 2010,en,2,False,0,False,,David Rusenko,drusenko
Just presented #weebly at #eventtech -- create a free website for your event in 5 minutes,Fri Jun 25 21:37:43 +0000 2010,en,0,False,0,False,,David Rusenko,drusenko
Presenting after lunch! (@ Eventtech Conference) http://4sq.com/9n3rCA,Fri Jun 25 18:58:27 +0000 2010,en,0,False,0,False,,David Rusenko,drusenko
"I'm at Subway - Sacramento and Sansome (483 Sacramento, Sansome, San Francisco). http://4sq.com/ctqVb8",Thu Jun 24 22:20:52 +0000 2010,en,0,False,0,False,,David Rusenko,drusenko
iPhone 4 is not compatible with the BMW iPhone dock... Grrrr,Thu Jun 24 10:47:03 +0000 2010,en,0,False,0,False,,David Rusenko,drusenko
"I'm at Togo's - Financial District (570 Battery St, Jackson, San Francisco). http://4sq.com/9WA86X",Wed Jun 23 21:23:01 +0000 2010,en,0,False,0,False,,David Rusenko,drusenko
"I'm at Togo's - Financial District (570 Battery St, Jackson, San Francisco). http://4sq.com/9WA86X",Tue Jun 22 21:20:21 +0000 2010,en,0,False,0,False,,David Rusenko,drusenko
I'm at Harrah's Piano Bar w/ 3 others. http://4sq.com/altK3T,Mon Jun 21 07:54:25 +0000 2010,en,0,False,0,False,,David Rusenko,drusenko
I'm at Postrio. http://4sq.com/dCqaBC,Mon Jun 21 03:16:36 +0000 2010,en,0,False,0,False,,David Rusenko,drusenko
I'm at Azure. http://4sq.com/98udqa,Sun Jun 20 21:23:50 +0000 2010,en,0,False,0,False,,David Rusenko,drusenko
"I'm at Tryst Nightclub (3131 Las Vegas Blvd S, @ Wynn Hotel & Casino, Las Vegas) w/ 2 others. http://4sq.com/8WSUuw",Sun Jun 20 07:25:29 +0000 2010,en,0,False,0,False,,David Rusenko,drusenko
"I'm at Kokomo's Lounge (The Mirage, Las Vegas). http://4sq.com/bn7nlu",Sun Jun 20 04:30:07 +0000 2010,en,0,False,0,False,,David Rusenko,drusenko
"I'm at The Venetian Resort Hotel Casino (3355 Las Vegas Blvd S, at Sands Ave, Las Vegas) w/ 5 others. http://4sq.com/4cvuTY",Sun Jun 20 00:18:40 +0000 2010,en,0,False,0,False,,David Rusenko,drusenko
"I'm at Sushi Rock - Polk Street (1608 Polk St, at Sacramento, San Francisco) w/ 5 others. http://4sq.com/932UPD",Sat Jun 19 04:09:14 +0000 2010,en,0,False,0,False,,David Rusenko,drusenko
"I'm at Royal Exchange (301 Sacramento St, at Front, San Francisco) w/ 2 others. http://4sq.com/BNuZI",Sat Jun 19 01:06:56 +0000 2010,en,0,False,0,False,,David Rusenko,drusenko
"I'm at Van Ness Liqour (2301 Van Ness, Vallejo, San Francisco). http://4sq.com/cOYKAt",Fri Jun 18 04:10:55 +0000 2010,en,0,False,0,False,,David Rusenko,drusenko
"I'm at Colibri (438 Geary St, Mason, San Francisco). http://4sq.com/9kQvGB",Fri Jun 18 02:51:55 +0000 2010,en,0,False,0,False,,David Rusenko,drusenko
"I'm at Salon Picasso (1573 Powell St, San Francisco). http://4sq.com/bC5Djg",Thu Jun 17 23:06:35 +0000 2010,en,0,False,0,False,,David Rusenko,drusenko
"RT @eventtechcon: Excited to have @Weebly presenting at #EventTech, there will be 9 tech companies demoing solutions 4 event organizers  ...",Thu Jun 17 02:25:50 +0000 2010,en,4,False,0,False,,David Rusenko,drusenko
"I'm at AMC Van Ness 14 (1000 Van Ness Ave, at O'Farrell St, San Francisco) w/ 4 others. http://4sq.com/1UM6R1",Sun Jun 13 07:45:55 +0000 2010,en,0,False,0,False,,David Rusenko,drusenko
"I'm at the Brick Yard Restaurant & Bar (1787 Union St., Octavia, San Francisco) w/ 2 others. http://4sq.com/a1NHqk",Sun Jun 13 04:15:48 +0000 2010,en,0,False,0,False,,David Rusenko,drusenko
"I'm at Kilowatt (3160 16th St, at Albion, San Francisco). http://4sq.com/3kitPe",Sat Jun 12 06:18:13 +0000 2010,en,0,False,0,False,,David Rusenko,drusenko
"I'm at Starbucks - Battery & Clay (425 Battery St, Clay St, San Francisco). http://4sq.com/7XvAoH",Fri Jun 11 22:09:36 +0000 2010,en,0,False,0,False,,David Rusenko,drusenko
"I'm at Togo's - Financial District (570 Battery St, Jackson, San Francisco). http://4sq.com/9WA86X",Tue Jun 08 21:25:59 +0000 2010,en,0,False,0,False,,David Rusenko,drusenko
"I'm at Subway - Sacramento and Sansome (483 Sacramento, Sansome, San Francisco). http://4sq.com/ctqVb8",Tue Jun 08 02:20:51 +0000 2010,en,0,False,0,False,,David Rusenko,drusenko
"I'm at 24 Hour Fitness - Bay Street (350 Bay Street, Powell Street, San Francisco) w/ 2 others. http://4sq.com/66E6Km",Sun Jun 06 22:44:48 +0000 2010,en,0,False,0,False,,David Rusenko,drusenko
"I'm at Sundance Kabuki Cinemas (1881 Post St, at Fillmore St, San Francisco) w/ 10 others. http://4sq.com/aZRpH",Sun Jun 06 05:15:29 +0000 2010,en,0,False,0,False,,David Rusenko,drusenko
"I'm at Wasabi & Ginger (2299 Van Ness Ave, at Vallejo, San Francisco). http://4sq.com/5uksof",Sun Jun 06 03:45:12 +0000 2010,en,0,False,0,False,,David Rusenko,drusenko
I'm at Green Sports Bar. http://4sq.com/dnafWh,Sun Jun 06 00:18:18 +0000 2010,en,0,False,0,False,,David Rusenko,drusenko
"I'm at Fog City Diner (1300 Battery St, at The Embarcadero, San Francisco). http://4sq.com/3wtdqM",Sat Jun 05 04:22:43 +0000 2010,en,0,False,0,False,,David Rusenko,drusenko
"I'm at Weebly (447 Battery St, Washington & Merchant St, San Francisco). http://4sq.com/7ot0X8",Thu Jun 03 23:41:29 +0000 2010,en,0,False,0,False,,David Rusenko,drusenko
"I'm at Subway - Sacramento and Sansome (483 Sacramento, Sansome, San Francisco). http://4sq.com/ctqVb8",Thu Jun 03 22:22:44 +0000 2010,en,0,False,0,False,,David Rusenko,drusenko
"I'm at The Buccaneer (2155 Polk St, at Vallejo, San Francisco). http://4sq.com/8SkUL7",Wed Jun 02 05:44:50 +0000 2010,en,0,False,0,False,,David Rusenko,drusenko
"I'm at Togo's - Financial District (570 Battery St, Jackson, San Francisco). http://4sq.com/9WA86X",Wed Jun 02 00:12:39 +0000 2010,en,0,False,0,False,,David Rusenko,drusenko
"I'm at Firestone Grill (1001 Higuera St, Osos St, San Luis Obispo) w/ 2 others. http://4sq.com/7cf2cx",Mon May 31 20:27:47 +0000 2010,en,0,False,0,False,,David Rusenko,drusenko
"I'm at Santa Ynez Valley Marriott (555 McMurray Road, Buellton). http://4sq.com/9czNvs",Sun May 30 23:37:59 +0000 2010,en,0,False,0,False,,David Rusenko,drusenko
"I'm at Kalyra Winery (343 N Refugio Rd, Santa Ynez). http://4sq.com/9bKdv4",Sun May 30 22:08:09 +0000 2010,ht,0,False,0,False,,David Rusenko,drusenko
"I'm at Gainey Winery (3950 E Hwy 246, Santa Ynez). http://4sq.com/9rzEy9",Sun May 30 21:34:45 +0000 2010,en,0,False,0,False,,David Rusenko,drusenko
"I'm at Curtis Winery (5249 Foxen Canyon Road, Los Olivos). http://4sq.com/9aMDXf",Sun May 30 21:34:31 +0000 2010,en,0,False,0,False,,David Rusenko,drusenko
I'm at Hitching Post. http://4sq.com/8Xinph,Sun May 30 04:09:48 +0000 2010,en,0,False,0,False,,David Rusenko,drusenko
I'm at Sanford Winery. http://4sq.com/9v48Uy,Sun May 30 00:03:03 +0000 2010,en,0,False,0,False,,David Rusenko,drusenko
"I'm at Silvergreens (900 Embarcadero Del Mar, at Pardall Rd, Isla Vista). http://4sq.com/brCLnZ",Sat May 29 21:08:25 +0000 2010,en,0,False,0,False,,David Rusenko,drusenko
"I'm at Madison's Sports Grill & Tavern (525 State St, btw W Cota St & W Haley St, Santa Barbara). http://4sq.com/9DfNjR",Sat May 29 07:47:51 +0000 2010,en,0,False,0,False,,David Rusenko,drusenko
"I'm at Old Kings Road (532 State St, btw Cota & Haley St, Santa Barbara). http://4sq.com/6V8L02",Sat May 29 07:02:31 +0000 2010,en,0,False,0,False,,David Rusenko,drusenko
"I'm at Sandbar (514 State St., Santa Barbara). http://4sq.com/5jjlu9",Sat May 29 06:05:40 +0000 2010,no,0,False,0,False,,David Rusenko,drusenko
"I'm at The James Joyce (513 State St, btw W Cota St & W Haley St, Santa Barbara). http://4sq.com/anAYIn",Sat May 29 05:28:17 +0000 2010,en,0,False,0,False,,David Rusenko,drusenko
"I'm at Sharkeez: Downtown SB (416 State St, Guiterrez, Santa Barbara). http://4sq.com/6ByTTh",Sat May 29 04:49:56 +0000 2010,en,0,False,0,False,,David Rusenko,drusenko
"I'm at Palazzio Santa barabara (1026 State St, Santa Barbara). http://4sq.com/cP5qAy",Sat May 29 03:34:14 +0000 2010,it,0,False,0,False,,David Rusenko,drusenko
"I'm at Santa Barbara Inn (901 E Cabrillo Blvd, Santa Barbara). http://4sq.com/aybrXW",Fri May 28 23:38:52 +0000 2010,sv,0,False,0,False,,David Rusenko,drusenko
"I'm at Osha Thai - Embarcadero (Four Embarcadero Center, San Francisco) w/ 3 others. http://4sq.com/3KO53e",Thu May 27 19:59:15 +0000 2010,en,0,False,0,False,,David Rusenko,drusenko
"I'm at Cable Car Pizza - North Beach (Kearny at Broadway, San Francisco). http://4sq.com/5ylYEX",Thu May 27 10:25:02 +0000 2010,en,0,False,0,False,,David Rusenko,drusenko
"I'm at Togo's - Financial District (570 Battery St, Jackson, San Francisco) w/ 2 others. http://4sq.com/9WA86X",Wed May 26 23:23:18 +0000 2010,en,0,False,0,False,,David Rusenko,drusenko
"Is LinkedIn going to have to pay Twitter their extortion money, too? http://tcrn.ch/cyvpbI",Tue May 25 23:57:57 +0000 2010,en,0,False,0,False,,David Rusenko,drusenko
"I'm at Togo's - Financial District (570 Battery St, Jackson, San Francisco). http://4sq.com/9WA86X",Tue May 25 22:03:03 +0000 2010,en,0,False,0,False,,David Rusenko,drusenko
"vim.org down hard? showing a directory listing with no files except f5.txt that contains ""OK"". clear not.",Tue May 25 06:30:21 +0000 2010,en,0,False,0,False,,David Rusenko,drusenko
"I'm at Togo's - Financial District (570 Battery St, Jackson, San Francisco). http://4sq.com/9WA86X",Tue May 25 00:08:28 +0000 2010,en,0,False,0,False,,David Rusenko,drusenko
"I'm at Bullitt (2209 Polk St, btw Vallejo St & Bonita St, San Francisco) w/ 4 others. http://4sq.com/6kFm3z",Sun May 23 06:39:18 +0000 2010,en,0,False,0,False,,David Rusenko,drusenko
"I'm at Weebly (447 Battery St, Washington & Merchant St, San Francisco). http://4sq.com/7ot0X8",Sat May 22 00:44:21 +0000 2010,en,0,False,0,False,,David Rusenko,drusenko
@chrisgraydreams would love to hear your thoughts on how we could improve Weebly... feel free to email me at david+c@weebly.com,Sat May 22 00:12:05 +0000 2010,en,0,False,0,False,,David Rusenko,drusenko
"I'm at Hunan Home (622 Jackson Street, Kearny, San Francisco). http://4sq.com/81VxMQ",Fri May 21 20:11:11 +0000 2010,en,0,False,0,False,,David Rusenko,drusenko
"I'm at Wasabi & Ginger (2299 Van Ness Ave, at Vallejo, San Francisco). http://4sq.com/5uksof",Thu May 20 02:49:43 +0000 2010,en,0,False,0,False,,David Rusenko,drusenko
"I'm at Kozy Kar Bar (1548 Polk St, at Sacramento St, San Francisco) w/ 7 others. http://4sq.com/6qle5B",Sat May 15 08:09:39 +0000 2010,en,0,False,0,False,,David Rusenko,drusenko
"I'm at Forbes Island Restaurant (Pier 39, Floating island, San Francisco). http://4sq.com/8Br7lF",Sat May 15 03:33:49 +0000 2010,en,0,False,0,False,,David Rusenko,drusenko
RT @ycombinator: Programmer interested in working for a startup?  Come to our new event: http://workatastartup.org,Fri May 14 04:39:25 +0000 2010,en,15,False,0,False,,David Rusenko,drusenko
"I'm at Pane E Vino (1715 Union St, at Gough, San Francisco). http://4sq.com/aVsVAO",Sat May 08 03:26:25 +0000 2010,en,0,False,0,False,,David Rusenko,drusenko
"I'm at Cable Car Pizza - North Beach (Kearny at Broadway, San Francisco). http://4sq.com/5ylYEX",Fri May 07 10:42:09 +0000 2010,en,0,False,0,False,,David Rusenko,drusenko
"I'm at Ristorante Milano (1448 Pacific St, btw Larkin & Hyde, San Francisco). http://4sq.com/8ZTrq2",Wed May 05 05:35:53 +0000 2010,en,0,False,0,False,,David Rusenko,drusenko
Birthday Sushi! (@ Wasabi & Ginger) http://4sq.com/5uksof,Sat May 01 02:58:25 +0000 2010,en,0,False,0,False,,David Rusenko,drusenko
I'm at Zine Noodles Dim Sum (Palazzo Hotel) w/ @juyemura. http://4sq.com/7KobBR,Sun Apr 25 03:39:47 +0000 2010,en,0,False,0,False,,David Rusenko,drusenko
I'm at The Beatles - Love w/ @juyemura. http://4sq.com/duYZPF,Sat Apr 24 04:29:37 +0000 2010,en,0,False,0,False,,David Rusenko,drusenko
I'm at Kokomo's Lounge w/ @juyemura. http://4sq.com/bn7nlu,Sat Apr 24 03:58:20 +0000 2010,en,0,False,0,False,,David Rusenko,drusenko
"I'm at Venezia Tower at Venetian (3355 Las Vegas Blvd S, @venetianvegas, Las Vegas). http://4sq.com/6abwZI",Sat Apr 24 01:32:27 +0000 2010,en,0,False,0,False,,David Rusenko,drusenko
I'm at Virgin America Gate A11 w/ @juyemura. http://4sq.com/ck4t4p,Fri Apr 23 21:45:33 +0000 2010,en,0,False,0,False,,David Rusenko,drusenko
"I'm at Wasabi & Ginger (2299 Van Ness Ave, at Vallejo, San Francisco). http://4sq.com/5uksof",Fri Apr 23 04:36:28 +0000 2010,en,0,False,0,False,,David Rusenko,drusenko
"I'm at Cielo (18 Little West 12th St, btw 9th Ave & Washingto, New York). http://4sq.com/T1Tq4",Tue Apr 20 03:12:21 +0000 2010,en,0,False,0,False,,David Rusenko,drusenko
"I'm at Natsumi (226 West 50th St, Broadway, New York). http://4sq.com/3ZZ4au",Tue Apr 20 00:49:02 +0000 2010,en,0,False,0,False,,David Rusenko,drusenko
"I'm at Weebly (447 Battery St, Washington & Merchant St, San Francisco). http://4sq.com/7ot0X8",Thu Apr 15 21:43:58 +0000 2010,en,0,False,0,False,,David Rusenko,drusenko
I'm at Concourse A Detroit Metro. http://4sq.com/aXGFds,Sun Apr 11 21:45:32 +0000 2010,en,0,False,0,False,,David Rusenko,drusenko
"I'm at Penn State Creamery (119 Food Science Bldg, at Bigler Rd & Curtin Rd, University Park). http://4sq.com/6xghAl",Sat Apr 10 20:10:28 +0000 2010,en,0,False,0,False,,David Rusenko,drusenko
"I'm at Beaver Stadium (100 N University Dr, East Park Ave, University Park). http://4sq.com/cDJkl0",Sat Apr 10 18:44:31 +0000 2010,en,0,False,0,False,,David Rusenko,drusenko
"I'm at Bill Pickles Tap Room (106 S Allen St, College Ave, State College). http://4sq.com/5sfjFm",Sat Apr 10 03:33:08 +0000 2010,en,0,False,0,False,,David Rusenko,drusenko
"I'm at Mad Mex (240 S Pugh St, Beaver Ave, State College). http://4sq.com/6xMSX4",Fri Apr 09 04:19:15 +0000 2010,en,0,False,0,False,,David Rusenko,drusenko
Thanks @jimjansen!,Sat Apr 03 21:11:10 +0000 2010,en,0,False,0,False,,David Rusenko,drusenko
"I'm at Wasabi & Ginger (2299 Van Ness Ave, at Vallejo, San Francisco). http://4sq.com/5uksof",Sun Mar 28 02:14:31 +0000 2010,en,0,False,0,False,,David Rusenko,drusenko
"@amescreative thanks for the interesting series! we're currently working on an updated dashboard, so stay tuned :) http://screenr.com/qTM",Fri Mar 26 23:46:37 +0000 2010,en,0,False,0,False,,David Rusenko,drusenko
"I'm at Salon Picasso (1573 Powell St, San Francisco). http://4sq.com/bC5Djg",Tue Mar 23 23:16:24 +0000 2010,en,0,False,0,False,,David Rusenko,drusenko
"I'm at Lalita's (96 McAlister, Leavenworth, San Francisco). http://4sq.com/28gYHA",Sat Mar 13 05:48:00 +0000 2010,en,0,False,0,False,,David Rusenko,drusenko
"I'm at Trattoria Contadina (1800 Mason St, at Union St, San Francisco). http://4sq.com/76tTDo",Fri Mar 12 04:29:00 +0000 2010,en,0,False,0,False,,David Rusenko,drusenko
"I'm at Coupa Cafe (538 Ramona St, at University Ave, Palo Alto) w/ 2 others.",Tue Mar 09 22:37:15 +0000 2010,en,0,False,0,False,,David Rusenko,drusenko
"I'm at TechCrunch HQ (255 Lytton Ave, Bryant, Palo Alto).",Tue Mar 09 22:30:08 +0000 2010,en,0,False,0,False,,David Rusenko,drusenko
"I'm at Wasabi & Ginger (2299 Van Ness Ave, at Vallejo, San Francisco). http://4sq.com/5uksof",Tue Mar 09 05:25:50 +0000 2010,en,0,False,0,False,,David Rusenko,drusenko
"Escargot, mmmm (@ Brazen Head) http://4sq.com/8y2Dve",Tue Mar 02 04:48:29 +0000 2010,en,0,False,0,False,,David Rusenko,drusenko
"I'm at red rocks bar (DIA, Denver). http://4sq.com/bkYggc",Wed Feb 24 02:10:54 +0000 2010,en,0,False,0,False,,David Rusenko,drusenko
"I'm at SLC Terminal 2 (SLC, Salt Lake City). http://4sq.com/5Pf0Lg",Tue Feb 23 23:16:07 +0000 2010,en,0,False,0,False,,David Rusenko,drusenko
On to breck! (@ San Francisco International Airport (SFO) w/ 23 others) http://4sq.com/MTivk,Tue Feb 23 21:14:06 +0000 2010,en,0,False,0,False,,David Rusenko,drusenko
"I'm at Wasabi & Ginger (2299 Van Ness Ave, at Vallejo, San Francisco). http://4sq.com/5uksof",Sun Feb 21 02:23:58 +0000 2010,en,0,False,0,False,,David Rusenko,drusenko
"I'm at Sundance Kabuki Cinemas (1881 Post St, at Fillmore St, San Francisco) w/ 12 others. http://4sq.com/aZRpH",Sat Feb 20 06:12:30 +0000 2010,en,0,False,0,False,,David Rusenko,drusenko
"I'm at House of Prime Rib (1906 Van Ness Ave, near Washington, San Francisco). http://4sq.com/4FwihS",Fri Feb 19 06:15:59 +0000 2010,en,0,False,0,False,,David Rusenko,drusenko
"I'm at Cellar 360 (Woolen Mill Building at Ghirardelli Square, Northpoint at Larkin, San Francisco). http://4sq.com/7j2RDE",Tue Feb 16 01:49:14 +0000 2010,en,0,False,0,False,,David Rusenko,drusenko
"I'm at Mangarosa (1548 Stockton Street, Union and Green, San Francisco) w/ 2 others. http://4sq.com/7o7hJw",Mon Feb 15 04:10:11 +0000 2010,en,0,False,0,False,,David Rusenko,drusenko
"I'm at Wasabi & Ginger (2299 Van Ness Ave, at Vallejo, San Francisco). http://4sq.com/5uksof",Sun Feb 14 04:09:08 +0000 2010,en,0,False,0,False,,David Rusenko,drusenko
"I'm at Crepes a Go Go Truck (350 11th St, btw Folsom & Harrison, San Francisco). http://4sq.com/6qJvGK",Sat Feb 13 05:39:48 +0000 2010,en,0,False,0,False,,David Rusenko,drusenko
"I'm at Pizzelle - North Beach (314 Columbus St, at Broadway St, San Francisco). http://4sq.com/bhYfdx",Fri Feb 12 00:22:29 +0000 2010,en,0,False,0,False,,David Rusenko,drusenko
"@tristamyers did you send it to our office? if so, looking forward to getting it!",Tue Feb 09 12:02:07 +0000 2010,en,0,False,0,False,,David Rusenko,drusenko
"I'm at Bocce Cafe (478 Green Street, at Grant, San Francisco) w/ 2 others. http://4sq.com/75412A",Sun Feb 07 04:18:19 +0000 2010,en,0,False,0,False,,David Rusenko,drusenko
"I'm at Wasabi & Ginger (2299 Van Ness Ave, at Vallejo, San Francisco). http://4sq.com/5uksof",Sat Feb 06 04:04:58 +0000 2010,en,0,False,0,False,,David Rusenko,drusenko
"I'm at Eastside West Restaurant & Raw Bar (3154 Fillmore St, btw Greenwich & Pixley St, San Francisco). http://4sq.com/80LT8r",Fri Feb 05 08:10:14 +0000 2010,en,0,False,0,False,,David Rusenko,drusenko
"I'm at Weebly (447 Battery St, Washington & Merchant St, San Francisco). http://4sq.com/7ot0X8",Thu Feb 04 06:59:29 +0000 2010,en,0,False,0,False,,David Rusenko,drusenko
"I'm at 24 Hour Fitness - California Street (100 California St, near Davis, San Francisco). http://4sq.com/6UyVGJ",Thu Feb 04 06:13:01 +0000 2010,en,0,False,0,False,,David Rusenko,drusenko
"I'm at Petite Deli (752 Columbus, San Francisco). http://4sq.com/7Mbd77",Mon Feb 01 21:43:20 +0000 2010,en,0,False,0,False,,David Rusenko,drusenko
"I'm at The Edison Downtown (108 W 2nd St., Main Street (Harlem Place Alley), Los Angeles). http://4sq.com/25dJLb",Sat Jan 30 05:24:21 +0000 2010,en,0,False,0,False,,David Rusenko,drusenko
"I'm at Makapuu Lookout (41-10001 Hawaii 72, Waimanalo). http://4sq.com/5s1ScM",Mon Jan 25 03:41:54 +0000 2010,en,0,False,0,False,,David Rusenko,drusenko
Foursquare special ftw. Just got a 50 cent mojito in Honolulu!,Sun Jan 24 08:00:08 +0000 2010,en,0,False,0,False,,David Rusenko,drusenko
"I'm at Lu Lu's (2589 Kalakaua Ave, Honolulu). http://4sq.com/53wKdZ",Sun Jan 24 06:58:23 +0000 2010,in,0,False,0,False,,David Rusenko,drusenko
"I'm at Moana Surfrider, A Westin Resort (2365 Kalakaua Avenue, Honolulu). http://4sq.com/7FFciB",Sun Jan 24 00:53:27 +0000 2010,in,0,False,0,False,,David Rusenko,drusenko
"I'm at Rainbow Scuba (O'ahu, ). http://4sq.com/50DXH3",Sat Jan 23 21:37:17 +0000 2010,et,0,False,0,False,,David Rusenko,drusenko
"I'm at Hilton Waikiki Prince Kuhio (2500 Kuhio Ave., Honolulu). http://4sq.com/5vg2Ej",Sat Jan 23 08:26:39 +0000 2010,tl,0,False,0,False,,David Rusenko,drusenko
"I'm at Sansei Seafood & Steak (2552 Kalakaua Ave., Honolulu). http://4sq.com/6fk2jv",Sat Jan 23 06:08:44 +0000 2010,in,0,False,0,False,,David Rusenko,drusenko
"I'm at Banzai Pipeline (59-337 Ke Nui Road, Haleiwa). http://4sq.com/8K5UOc",Sat Jan 23 01:15:21 +0000 2010,lt,0,False,0,False,,David Rusenko,drusenko
"I'm at Jameson's by the Sea (62-540 Kamehameha Highway, Haleiwa). http://4sq.com/8dUVyb",Fri Jan 22 22:45:37 +0000 2010,en,0,False,0,False,,David Rusenko,drusenko
"I'm at Dole Plantation (64-1550 Kamehameha Highway, Wahiawa). http://4sq.com/6ktp0h",Fri Jan 22 21:30:46 +0000 2010,en,0,False,0,False,,David Rusenko,drusenko
"I'm at JW Marriott Ihilani Resort & Spa at Ko Olina (92-1001 Olani Street, Kapolei). http://4sq.com/775Ho9",Fri Jan 22 03:08:35 +0000 2010,tl,0,False,0,False,,David Rusenko,drusenko
"I'm at Honolulu International Airport (HNL) (300 Rodgers Boulevard, Honolulu). http://4sq.com/4xCH4F",Wed Jan 20 06:52:12 +0000 2010,en,0,False,0,False,,David Rusenko,drusenko
"I'm at Alaska Lodge (Seattle Tacoma Airport, Seattle). http://4sq.com/5XxWKP",Tue Jan 19 23:06:26 +0000 2010,en,0,False,0,False,,David Rusenko,drusenko
"I'm at San Francisco International Airport (SFO) (SFO, 101 and N McDonnell/S McDonnell Rd, Millbrae) w/ 17 others. http://4sq.com/MTivk",Tue Jan 19 19:47:03 +0000 2010,en,0,False,0,False,,David Rusenko,drusenko
"I'm at Zara - Westfield San Francisco Centre (865 Market Street, San Francisco). http://4sq.com/4AhlhF",Tue Jan 19 04:32:11 +0000 2010,da,0,False,0,False,,David Rusenko,drusenko
I'm at La Barca w/ @johnhowell3. http://4sq.com/4pmes1,Sun Jan 10 06:38:04 +0000 2010,en,0,False,0,False,,David Rusenko,drusenko
"I'm at BMW of San Francisco (1675 Howard St, at S Van Ness Ave, San Francisco). http://4sq.com/8awr1V",Sun Jan 03 01:01:22 +0000 2010,en,0,False,0,False,,David Rusenko,drusenko
"I'm at San Francisco International Airport (SFO) (SFO, San Francisco) w/ 15 others. http://4sq.com/MTivk",Tue Dec 29 02:46:10 +0000 2009,en,0,False,0,False,,David Rusenko,drusenko
"I'm at Delta Crown Room - ATL Airport (Hartsfield -Jackson Airport, Atlanta). http://4sq.com/4ViWic",Mon Dec 28 20:03:31 +0000 2009,en,0,False,0,False,,David Rusenko,drusenko
"I'm at Pittsburgh International Airport (PIT) (Airport Boulevard, Interstate 376, Findlay Township). http://4sq.com/1qa4Dl",Mon Dec 28 17:42:55 +0000 2009,en,0,False,0,False,,David Rusenko,drusenko
"I'm at Central Park - The Pond (Central Park, New York). http://4sq.com/6SxQGL",Sun Dec 27 21:28:28 +0000 2009,en,0,False,0,False,,David Rusenko,drusenko
"I'm at Times Square (Times Square, W 46th St & Broadway, New York). http://4sq.com/10sc1s",Sun Dec 27 21:00:01 +0000 2009,en,0,False,0,False,,David Rusenko,drusenko
"I'm at Starbucks (1185 Avenue of the Americas, at 47th St, New York). http://4sq.com/79l4IP",Sun Dec 27 20:59:24 +0000 2009,en,0,False,0,False,,David Rusenko,drusenko
"I'm at Veranda (130 7th Ave South, 10th St, New York). http://4sq.com/5Ajtht",Sun Dec 27 06:59:12 +0000 2009,en,0,False,0,False,,David Rusenko,drusenko
"I'm at Rockefeller Center Christmas Tree (Rockefeller Place, W. 49th Street, New York). http://4sq.com/4L6MLC",Sun Dec 27 00:37:53 +0000 2009,en,0,False,0,False,,David Rusenko,drusenko
"I'm at 30 Rockefeller Center (30 Rockefeller Plaza, W 49th st, New York). http://4sq.com/3PawGD",Sun Dec 27 00:37:18 +0000 2009,en,0,False,0,False,,David Rusenko,drusenko
"I'm at MoMA - Museum of Modern Art (11 West 53rd Street, Btw 6th & 5th Avenues, New York) w/ 6 others. http://4sq.com/29M4aF",Sat Dec 26 22:37:19 +0000 2009,en,0,False,0,False,,David Rusenko,drusenko
Heading back east for the holidays! Hope I don't spend the night in cincinatti (@ San Francisco International Airport (SFO) w/ 17 others),Mon Dec 21 19:32:08 +0000 2009,en,0,False,0,False,,David Rusenko,drusenko
"I'm at Edwards Cinema & IMAX (1549 Gateway Blvd., Fairfield). http://4sq.com/7t124b",Mon Dec 21 05:46:16 +0000 2009,en,0,False,0,False,,David Rusenko,drusenko
"I'm at Wasabi & Ginger (2299 Van Ness Ave, at Vallejo, San Francisco). http://4sq.com/5uksof",Sat Dec 19 04:08:18 +0000 2009,en,0,False,0,False,,David Rusenko,drusenko
"I'm at Le Petit Marchet (1732 Polk St, Clay Street and Washington St, San Francisco). http://4sq.com/7Ex7Ow",Thu Dec 17 06:21:56 +0000 2009,en,0,False,0,False,,David Rusenko,drusenko
"I'm at Alegrias (2018 Lombard St, Webster, San Francisco). http://4sq.com/P7qA6",Sat Dec 12 04:56:14 +0000 2009,en,0,False,0,False,,David Rusenko,drusenko
"I'm at Elbo Room (647 Valencia St, btw 17th and 18th, San Francisco). http://4sq.com/2zaA2G",Fri Dec 11 06:55:39 +0000 2009,en,0,False,0,False,,David Rusenko,drusenko
"I'm at Pizzelle - North Beach (314 Columbus St, at Broadway St, San Francisco). http://bit.ly/250CHb",Fri Dec 04 22:13:41 +0000 2009,en,0,False,0,False,,David Rusenko,drusenko
"I'm at 24 Hour Fitness - California Street (100 California St, near Davis, San Francisco). http://bit.ly/3LapIg",Tue Dec 01 04:43:11 +0000 2009,en,0,False,0,False,,David Rusenko,drusenko
"I'm at Petite Deli (752 Columbus, San Francisco). http://bit.ly/6uvd9L",Mon Nov 30 22:33:02 +0000 2009,en,0,False,0,False,,David Rusenko,drusenko
"I'm at Wasabi & Ginger (2299 Van Ness Ave, at Vallejo, San Francisco). http://bit.ly/s9CgU",Mon Nov 30 03:57:59 +0000 2009,en,0,False,0,False,,David Rusenko,drusenko
"I'm at Aicha Moroccan (1303 Polk Street, Bush, San Francisco). http://bit.ly/LIXiB",Sun Nov 29 05:02:18 +0000 2009,en,0,False,0,False,,David Rusenko,drusenko
"I'm at Pizzelle - North Beach (314 Columbus St, at Broadway St, San Francisco). http://bit.ly/250CHb",Sat Nov 28 07:40:23 +0000 2009,en,0,False,0,False,,David Rusenko,drusenko
"I'm at Vesuvio Cafe (255 Columbus Avenue, btw Broadway and Pacific, San Francisco). http://bit.ly/dKZhZ",Sat Nov 28 06:13:29 +0000 2009,en,0,False,0,False,,David Rusenko,drusenko
"I'm at Crystal Towers (2140 Taylor St, San Francisco). http://bit.ly/8NIECT",Sat Nov 28 04:10:20 +0000 2009,en,0,False,0,False,,David Rusenko,drusenko
"I'm at Outback Steakhouse - Pleasant Hill (150 A Longbrook Way, Pleasant Hill). http://bit.ly/71glxm",Sat Nov 28 02:51:07 +0000 2009,en,0,False,0,False,,David Rusenko,drusenko
"I'm at Kenneth Cole (166 Grant Ave, Post, San Francisco). http://bit.ly/1z0APT",Sat Nov 28 00:51:51 +0000 2009,en,0,False,0,False,,David Rusenko,drusenko
"I'm at Aldo Shoes (Westfield Mall, San Francisco). http://bit.ly/8Xd7CP",Sat Nov 28 00:43:05 +0000 2009,en,0,False,0,False,,David Rusenko,drusenko
"I'm at Express at Westfield (865 Market Street, San Francisco). http://bit.ly/90FGlK",Sat Nov 28 00:26:22 +0000 2009,en,0,False,0,False,,David Rusenko,drusenko
"I'm at Puma Store - Market Street (856 Market Street , San Francisco). http://bit.ly/7SPEma",Sat Nov 28 00:18:09 +0000 2009,en,0,False,0,False,,David Rusenko,drusenko
"I'm at Apple Store (1 Stockton St, at Ellis St, San Francisco). http://bit.ly/R7U7B",Fri Nov 27 23:46:37 +0000 2009,en,0,False,0,False,,David Rusenko,drusenko
"I'm at Columbus Cafe (562 Green St, at Grant & Columbus, San Francisco). http://bit.ly/13aGTR",Thu Nov 26 07:45:41 +0000 2009,en,0,False,0,False,,David Rusenko,drusenko
"I'm at Subway - Sacramento and Sansome (483 Sacramento, Sansome, San Francisco). http://bit.ly/zsW2y",Thu Nov 26 01:05:04 +0000 2009,en,0,False,0,False,,David Rusenko,drusenko
"I'm at Le Petit Marchet (1732 Polk St, Clay Street and Washington St, San Francisco). http://bit.ly/24vOiF",Wed Nov 25 06:10:47 +0000 2009,en,0,False,0,False,,David Rusenko,drusenko
"I'm at 24 Hour Fitness - California Street (100 California St, near Davis, San Francisco). http://bit.ly/3LapIg",Tue Nov 24 05:27:13 +0000 2009,en,0,False,0,False,,David Rusenko,drusenko
"I'm at The Chelsea (6386 Dana St, Oakland). http://bit.ly/5Og0Sp",Sun Nov 22 06:13:42 +0000 2009,en,0,False,0,False,,David Rusenko,drusenko
"I'm at North Star Cafe (1560 Powell St, at Green, San Francisco). http://bit.ly/j7f6M",Tue Nov 17 08:11:18 +0000 2009,en,0,False,0,False,,David Rusenko,drusenko
"I'm at Subway - Sacramento and Sansome (483 Sacramento, Sansome, San Francisco). http://bit.ly/zsW2y",Tue Nov 17 04:56:58 +0000 2009,en,0,False,0,False,,David Rusenko,drusenko
"I'm at 24 Hour Fitness - California Street (100 California St, near Davis, San Francisco). http://bit.ly/3LapIg",Tue Nov 17 03:25:52 +0000 2009,en,0,False,0,False,,David Rusenko,drusenko
@virginAmerica FYI about American Airlines and Mr X: http://bit.ly/10yIZ5 and http://bit.ly/F4jxY,Thu Nov 05 02:32:01 +0000 2009,en,0,False,0,False,,David Rusenko,drusenko
I want to get listed #TwitterCalifornia add yourself here http://bit.ly/40ZL4M,Wed Nov 04 13:08:52 +0000 2009,en,0,False,0,False,,David Rusenko,drusenko
@authorizenet ARB has been down since last Thu @8pm PST. Your service is returning malformed XML where an ID is expected. Support unhelpful.,Tue Oct 06 01:17:19 +0000 2009,en,0,False,0,False,,David Rusenko,drusenko
"thanks for waking me up in the middle of the night, authorize.net ... looks like your ARB system no longer likes our queries",Fri Oct 02 11:59:57 +0000 2009,en,0,False,0,False,,David Rusenko,drusenko
At burning man,Sat Sep 05 13:01:59 +0000 2009,en,0,False,0,False,,David Rusenko,drusenko
"@Scarlet_ @blissfork In fact, I meant exactly the opposite. Both my mother/grandmother use the internet more than their male counterparts!",Wed Aug 05 02:18:04 +0000 2009,en,0,False,0,False,,David Rusenko,drusenko
"@kn0thing thanks dude, appreciate the referral : ) gotta love the long discussions with the customs agents...",Tue Jul 21 10:31:14 +0000 2009,en,0,False,0,False,,David Rusenko,drusenko
Hanging out at Venice beach,Sun Jul 05 22:39:25 +0000 2009,en,0,False,0,False,,David Rusenko,drusenko
"Driving to LA. 104 degs at 6:14, yikes...",Sat Jul 04 01:20:06 +0000 2009,en,0,False,0,False,,David Rusenko,drusenko
#Authorize.net has been #down for over an hour. Ugh. I wonder if our recurring transactions will process tonight.,Fri Jul 03 08:10:32 +0000 2009,en,0,False,0,False,,David Rusenko,drusenko
"""Those girls would have sex with me for lucky charms... The old kind with no marshmellows."" -Unnamed",Sat Jun 20 08:02:56 +0000 2009,en,0,False,1,False,,David Rusenko,drusenko
chilling on the new iphone 3.0,Wed Jun 17 21:32:33 +0000 2009,en,0,False,0,False,,David Rusenko,drusenko
"Fix for ""iPhone activation server message"": after you downloaded the update and while it says ""Extracting..."", disconnect from the net",Wed Jun 17 20:51:43 +0000 2009,en,0,False,0,False,,David Rusenko,drusenko
"Getting a ""iPhone activation server is temporarily unavailable"" message when trying to update my phone... Frustrating",Wed Jun 17 20:45:25 +0000 2009,en,0,False,0,False,,David Rusenko,drusenko
"@TheEchelonHouse We're not aware any issues, but if something's not working for you I'd be happy to help out! Feel free to DM or email me...",Tue Jun 16 05:35:50 +0000 2009,en,0,False,0,False,,David Rusenko,drusenko
pay for hulu? i'm out. http://bit.ly/HyODK,Thu Jun 04 06:37:57 +0000 2009,en,0,False,0,False,,David Rusenko,drusenko
working on my night cheese...,Tue Jun 02 00:23:55 +0000 2009,en,0,False,0,False,,David Rusenko,drusenko
"Download the new #trvsdjam mixtape ""Fix Your Face Vol. 2 - Coachella 09"" in exchange for one tweet! http://twitter.trvsdjam.com",Tue Jun 02 00:08:53 +0000 2009,en,0,False,0,False,,David Rusenko,drusenko
"i just typed more ""drop table"" and ""drop database"" commands on a production system than is humanly reasonable without causing a heart attack",Fri May 15 12:27:32 +0000 2009,en,0,False,0,False,,David Rusenko,drusenko
"@zee you going to be in sf anytime soon? if so, we should grab a beer.",Sat May 09 08:00:38 +0000 2009,en,0,False,0,False,,David Rusenko,drusenko
mint is down... no wonder the iphone app wouldn't refresh my data!,Wed May 06 07:39:18 +0000 2009,en,0,False,0,False,,David Rusenko,drusenko
@AngeloMandato have any more info on nettica?,Sun May 03 20:32:57 +0000 2009,en,0,False,0,False,,David Rusenko,drusenko
"looks like i'm not the only one having this problem, #facebook login seems #down",Tue Apr 14 01:22:13 +0000 2009,en,0,False,0,False,,David Rusenko,drusenko
"unable to log-in to facebook. when i try to reset my password, it says my email is invalid -- but i can still log-in on the iphone. wtf?",Tue Apr 14 01:18:26 +0000 2009,en,0,False,0,False,,David Rusenko,drusenko
"@kirklapointe Glad to hear it! We've been working on speed improvements for the last few weeks, and have more improvements coming soon...",Fri Apr 03 00:57:25 +0000 2009,en,0,False,0,False,,David Rusenko,drusenko
the new alexa.com sucks. looks incredibly ugly.,Wed Apr 01 03:09:08 +0000 2009,en,0,False,0,False,,David Rusenko,drusenko
small earthquake felt up here in sf...,Mon Mar 30 18:49:45 +0000 2009,en,0,False,0,False,,David Rusenko,drusenko
@maverickstruth Weebly isn't having any problems and it looks like I can submit the form OK. What's going wrong when you try to submit it?,Mon Mar 23 21:51:54 +0000 2009,en,0,False,0,False,,David Rusenko,drusenko
"13yr old Nikasia ""Nikki"" Nowell missing 8 days see her pic & get more info @ www.findnikasia.weebly.com",Sat Mar 21 00:46:26 +0000 2009,en,0,False,0,False,,David Rusenko,drusenko
@allisondoc I'm sorry to hear that! Is there anything I can help with?,Wed Mar 18 23:19:09 +0000 2009,en,0,False,0,False,,David Rusenko,drusenko
@GrahamAttwell that's definitely something we are working on...,Wed Mar 18 07:41:59 +0000 2009,en,0,False,0,False,,David Rusenko,drusenko
@GrahamAttwell What do you find limiting about Weebly?,Tue Mar 17 13:55:39 +0000 2009,en,0,False,0,False,,David Rusenko,drusenko
"@juzmcmuz we're getting much closer. we're taking a bit of extra time to make sure we create a full back-up, in the process.",Mon Mar 16 21:47:55 +0000 2009,en,0,False,0,False,,David Rusenko,drusenko
@astageman Thanks! We appreciate it : ),Mon Mar 16 20:56:23 +0000 2009,en,0,False,0,False,,David Rusenko,drusenko
For Weebly sites undergoing maintenance: we're hoping to have everything back within the hour,Mon Mar 16 19:19:54 +0000 2009,en,0,False,0,False,,David Rusenko,drusenko
"@orli, having a small technical issue, working on it now... we hope to have things back to 100% soon",Mon Mar 16 17:07:17 +0000 2009,en,0,False,0,False,,David Rusenko,drusenko
"I just updated my Weebly website, check it out: http://david.weebly.com",Sat Mar 14 03:07:32 +0000 2009,en,0,False,0,False,,David Rusenko,drusenko
Testing out Twitter's new API functionality,Wed Mar 11 10:38:48 +0000 2009,en,0,False,0,False,,David Rusenko,drusenko
"@alexbainbridge just reading your blog, wondering if you know of any APIs that offer access to flight booking data",Thu Jan 29 02:46:00 +0000 2009,en,0,False,0,False,,David Rusenko,drusenko
@yobeeone sorry to hear that. can  you email me at david+t@weebly.com with some more details so i can fix it? thanks!,Wed Jan 28 02:50:49 +0000 2009,en,0,False,0,False,,David Rusenko,drusenko
Going to bubblelounge to ring in 2009 in style,Wed Dec 31 19:43:03 +0000 2008,en,0,False,0,False,,David Rusenko,drusenko
Getting ready for snapads launch,Tue Nov 25 03:33:02 +0000 2008,en,0,False,0,False,,David Rusenko,drusenko
Strangely in to Chromeo,Fri Jul 18 09:16:14 +0000 2008,en,0,False,0,False,,David Rusenko,drusenko
first web app i know of made entirely with weebly: http://whimber.weebly.com/,Wed Jun 11 08:59:32 +0000 2008,en,0,False,0,False,,David Rusenko,drusenko
Back to work!! Especially excited about what we're releasing soon...,Mon May 26 18:40:11 +0000 2008,en,0,False,0,False,,David Rusenko,drusenko
"Heading to avalon on the jersey shore for the weekend, back in sf on sunday",Fri May 23 23:38:01 +0000 2008,en,0,False,0,False,,David Rusenko,drusenko
WorldWide telescope is *extremely* cool,Tue May 13 07:30:32 +0000 2008,en,0,False,0,False,,David Rusenko,drusenko
"back in sf. had to unfollow techcrunch and ijustine, too many updates. people like ev, kul and gustaf are more manageable.",Tue May 06 15:25:07 +0000 2008,en,0,False,0,False,,David Rusenko,drusenko
heading back to the bay area in a few hours,Mon May 05 00:39:19 +0000 2008,en,0,False,0,False,,David Rusenko,drusenko
"driving on the left side of the road sucks, but not as hard as i thought it would be... took me about an hour to feel comfortable.",Fri May 02 17:46:58 +0000 2008,en,0,False,1,False,,David Rusenko,drusenko
in london for the weekend... it's amazingly green here.,Fri May 02 17:45:40 +0000 2008,en,0,False,0,False,,David Rusenko,drusenko
"Eating tibetan... Just attended the taping of colbert report. Listen for the whistle tip ""woo woooo!""",Tue Apr 29 02:05:26 +0000 2008,en,0,False,0,False,,David Rusenko,drusenko
At south street seaport in new york,Sat Apr 26 18:52:15 +0000 2008,en,0,False,0,False,,David Rusenko,drusenko
Started checking out office space online... This is going to be fun :-/,Thu Apr 17 20:33:35 +0000 2008,en,0,False,1,False,,David Rusenko,drusenko
http://openphotovr.org/#a94 is extremely cool,Mon Apr 14 17:12:40 +0000 2008,en,0,False,0,False,,David Rusenko,drusenko
"@chachafance otherwise, email me at david@weebly.com and we'll get it sorted out for you",Sun Apr 13 22:27:25 +0000 2008,en,0,False,0,False,,David Rusenko,drusenko
"@chachafance if you're having a hard time seeing newly published changes, sometimes holding down SHIFT and clicking reload helps...",Sun Apr 13 22:27:09 +0000 2008,en,0,False,0,False,,David Rusenko,drusenko
@chachafance sorry weebly's not working right for you :-/ feel free to email me at david@weebly.com with your problem and i'll make sure ...,Thu Apr 10 11:57:05 +0000 2008,en,0,False,0,False,,David Rusenko,drusenko
"@ijustine had lasik about 2 weeks ago, highly recommend it. just remember that its surgery and there's some inconvenience around it",Thu Apr 10 00:30:47 +0000 2008,en,0,False,0,False,,David Rusenko,drusenko
"Heading out to beauty bar tonight with jtv, reddit",Sun Apr 06 03:55:22 +0000 2008,en,0,False,0,False,,David Rusenko,drusenko
@friendfeed entries in my atom feed keep getting randomly marked as read in netvibes... Any ideas?,Tue Apr 01 10:51:47 +0000 2008,en,0,False,0,False,,David Rusenko,drusenko
"I'm really digging facebooks new ""people you might know"" feature",Mon Mar 31 05:34:02 +0000 2008,en,0,False,1,False,,David Rusenko,drusenko
Scribd party last night was a lot of fun... too bad I had to drive,Mon Mar 31 04:04:01 +0000 2008,en,0,False,0,False,,David Rusenko,drusenko
heading off to see justice at the sf design center,Fri Mar 28 01:36:13 +0000 2008,en,0,False,0,False,,David Rusenko,drusenko
@kul check out justin's first interview on the today show to see someone else struggling with the 4am interview : ),Fri Mar 28 00:06:22 +0000 2008,en,0,False,0,False,,David Rusenko,drusenko
