Text,Created Date,Language,Retweet Count,Retweeted,Favorite Count,Favorited,co-ordinates,Tweeted By,Screen Name
"Ride for heart health. Hop on your bike, snap a pic and submit it here: https://t.co/L7QXeOR6CZ #sponsored https://t.co/VFLkup5Uw5",Thu May 12 10:52:58 +0000 2016,en,28,False,86,False,,Joseph Montana,JoeMontana
Jen and I want to help change the future of heart health: https://t.co/L7QXeOR6CZ  #sponsored https://t.co/Nzg4t6k9e4,Wed May 11 12:39:04 +0000 2016,en,38,False,98,False,,Joseph Montana,JoeMontana
I’ve teamed up with @Amgen @American_Heart  &amp; @RideSchwinn for Breakaway from Heart Disease™ #sponsored https://t.co/UpLtscLkgB,Wed May 11 12:26:06 +0000 2016,en,34,False,79,False,,Joseph Montana,JoeMontana
Pinterest  CEO Ben Silbermann Wants To Build The Ultimate Personalized  Catalog.,Wed May 04 17:13:53 +0000 2016,en,9,False,29,False,,Joseph Montana,JoeMontana
Pinterest  wants to do for self-discovery what Google has done for information retrieval  and search.,Wed May 04 17:13:41 +0000 2016,en,8,False,47,False,,Joseph Montana,JoeMontana
Thanks @POTUS for taking new steps to make guns safer and supporting the @SmartTechFDN https://t.co/jTovd3JPIl https://t.co/KgneEhdz4A,Fri Apr 29 17:55:26 +0000 2016,en,24,False,60,False,,Joseph Montana,JoeMontana
Our #SF community is coming together to support Kaikea. Join me &amp; send him a Get-Well Tweet to #WeAreRocketStrong!https://t.co/eue0hIojoh,Thu Apr 28 23:14:03 +0000 2016,en,26,False,78,False,,Joseph Montana,JoeMontana
A startup's culture helps  determine its success. Pinterest is doing something really unique and amazing  here. https://t.co/yfwyJVBiPf,Mon Apr 18 19:54:03 +0000 2016,en,13,False,35,False,,Joseph Montana,JoeMontana
Join me @DwightC87 @CharlesHaleyHoF &amp; more at @TRISTAR1 #SanFrancisco event at @cowpalacesf on Sun 4/10.Info: https://t.co/LGfCP0UlC4,Mon Apr 04 19:41:51 +0000 2016,en,15,False,51,False,,Joseph Montana,JoeMontana
@dwightc87 @danmarino @dr34m myself &amp; many more will be  at the Fanatics Authentic Sports Spectacular this Sunday   https://t.co/ZTYPt0aXTW,Thu Mar 17 17:24:05 +0000 2016,en,7,False,22,False,,Joseph Montana,JoeMontana
@DwightC87 and I will be  at @MABCelebrity Catch The Moment event on Sat 3/5 1-2:30pm in #NJ info - https://t.co/GWoHz5h24t Come see us!,Thu Mar 03 22:40:10 +0000 2016,en,5,False,22,False,,Joseph Montana,JoeMontana
We must stand against discrimination. Join the pledge keep GA open and inclusive for all. https://t.co/SeYZYB7QLj  https://t.co/YhBBJYmsEJ …,Thu Mar 03 01:23:30 +0000 2016,en,74,False,155,False,,Joseph Montana,JoeMontana
I will be signing autographs w/ @DwightC87 at @MABCelebrity Catch The Moment event on Sat 3/5 1-2:30pm in #NJ info - https://t.co/GWoHz5h24t,Wed Feb 24 16:13:27 +0000 2016,en,23,False,77,False,,Joseph Montana,JoeMontana
RT @RonConway: We can't ignore basic humanity and compassion in our immigration policy. Powerful piece by @laurenepowell https://t.co/PKLuu…,Tue Feb 23 20:47:10 +0000 2016,en,84,False,0,False,,Joseph Montana,JoeMontana
"Congratulations on your opening in SF, The Treasury . Beautiful bar, fabulous drinks, Cheers Carlos https://t.co/oTXubfLPQe",Thu Feb 11 21:55:21 +0000 2016,en,43,False,230,False,,Joseph Montana,JoeMontana
Tackled my first on-demand flag football game with @Uber this week https://t.co/k6xSqC0gYb,Wed Feb 10 00:01:11 +0000 2016,en,20,False,71,False,,Joseph Montana,JoeMontana
"Congratulations to Mr. Eddie DeBartolo Hall of Fame 2016!!
#greatestownerever #Eddiehof",Mon Feb 08 17:19:45 +0000 2016,en,434,False,1020,False,,Joseph Montana,JoeMontana
Congratulations to Peyton Manning and the @Broncos,Mon Feb 08 04:00:01 +0000 2016,en,553,False,1256,False,,Joseph Montana,JoeMontana
Tune in tomorrow to see @PapaJohns &amp; @Pepsi help me remake one of my greatest moments for #SB50 https://t.co/AuHeYpccU3,Sat Feb 06 17:47:16 +0000 2016,en,95,False,221,False,,Joseph Montana,JoeMontana
Watch Sunday to see me team up with @PapaJohns &amp; @Pepsi to recreate one of my greatest plays for #SB50,Sat Feb 06 05:01:02 +0000 2016,en,63,False,219,False,,Joseph Montana,JoeMontana
"Good luck tomorrow to the Wounded Warrior Amputee Flag Football Team &amp; @SnoopDogg vs NFL guys. College of San Mateo 1pm
#EddieHOF",Fri Feb 05 18:30:20 +0000 2016,en,34,False,93,False,,Joseph Montana,JoeMontana
Get my for-charity sticker pack in GameOn! Proceeds go to the Four Rings Foundation. Get it here:https://t.co/s8qDkXVl9c,Thu Feb 04 17:15:04 +0000 2016,en,17,False,50,False,,Joseph Montana,JoeMontana
"#eddiehof
https://t.co/GvzycQ320k",Wed Feb 03 00:35:16 +0000 2016,und,135,False,269,False,,Joseph Montana,JoeMontana
"I will be signing autographs &amp; taking pictures  tomorrow at
 World of Sports Memorabilia 1-2pm
82 S. Montgomery st
San Jose  (408)286-2151",Tue Feb 02 19:15:27 +0000 2016,en,73,False,170,False,,Joseph Montana,JoeMontana
"Let the countdown begin. In one  hour, you can request an on-demand flag football game with me through  @Uber_SF!",Tue Feb 02 16:56:12 +0000 2016,en,23,False,90,False,,Joseph Montana,JoeMontana
How do the @Broncos &amp; @Panthers stack up when it comes to financials? Here's what @NerdWallet says: https://t.co/w9dJVTuzDB,Tue Feb 02 16:05:18 +0000 2016,en,49,False,57,False,,Joseph Montana,JoeMontana
That's Mr. D! #mrDhof2016 https://t.co/Jmay2euzwx,Tue Feb 02 02:53:16 +0000 2016,en,104,False,265,False,,Joseph Montana,JoeMontana
RT @TDESPN: Tomorrow you can request an on-demand flag football game w/ me &amp; @JoeMontana through @Uber_SF. More here: https://t.co/rO9jFY5z…,Mon Feb 01 19:05:05 +0000 2016,en,17,False,0,False,,Joseph Montana,JoeMontana
"Guess what? Tomorrow, you can request an on-demand flag football game w/ me through @Uber_SF. More here: https://t.co/HpdERC0s5L",Mon Feb 01 16:50:48 +0000 2016,en,51,False,89,False,,Joseph Montana,JoeMontana
Toasting #SuperBowl50 with my favorite girl!! https://t.co/EKoyETbFCR,Sat Jan 30 18:39:12 +0000 2016,en,190,False,860,False,,Joseph Montana,JoeMontana
"RT @49ers: On this day in 1982: ""The Catch"" 

@JoeMontana ---&gt; @DwightC87
https://t.co/7Oimug5SJF",Sun Jan 10 18:21:36 +0000 2016,en,1402,False,0,False,,Joseph Montana,JoeMontana
Congrats to Alex Smith and the @Chiefs ... Great job and keep it rollin!!,Sun Jan 10 00:45:04 +0000 2016,en,2233,False,4162,False,,Joseph Montana,JoeMontana
There’s no stronger place to watch the #CFBPlayoff than @BoJackson’s #sponsored https://t.co/8xJsteOWgU,Sat Jan 09 17:50:23 +0000 2016,en,158,False,377,False,,Joseph Montana,JoeMontana
RT @EmmittSmith22: Most folks use an axe to chop firewood. @BoJackson ain’t most folks. #CFBPlayoff #sponsored https://t.co/n0L2uVDUF4,Fri Jan 08 20:01:18 +0000 2016,en,303,False,0,False,,Joseph Montana,JoeMontana
.@POTUS is taking steps to keep guns out of the wrong hands through background checks. #StopGunViolence,Wed Jan 06 04:04:57 +0000 2016,en,489,False,1015,False,,Joseph Montana,JoeMontana
"RT @SeanAstin: “Please call me Sean” :-)
@JoeMontana @JerryRice @BoJackson @EmmittSmith22 Steve Young #Rudy
https://t.co/52DXcA7Xhu",Fri Jan 01 16:21:42 +0000 2016,en,113,False,0,False,,Joseph Montana,JoeMontana
Here’s how I get pumped for a game #CFBPlayoff #sponsored https://t.co/fk1e9zxwPS,Thu Dec 31 17:02:57 +0000 2015,en,664,False,1528,False,,Joseph Montana,JoeMontana
"The government isn't doing enough about gun violence, but this 18yr is: https://t.co/VlwStKA3Xx",Wed Dec 23 23:00:41 +0000 2015,en,37,False,104,False,,Joseph Montana,JoeMontana
Hard to beat @CameronNewton with 5 TDs and @dajohnson7 with 187 yards &amp; 3 TDs for @FedEx #AirandGround awards! #ad,Wed Dec 23 22:59:19 +0000 2015,en,8,False,56,False,,Joseph Montana,JoeMontana
Congrats to @DangeRussWilson &amp; @Lil_Eazy_Ana_42 on the @FedEx @NFL #AirandGround awards this week,Fri Dec 18 12:50:47 +0000 2015,en,7,False,52,False,,Joseph Montana,JoeMontana
My eggs &amp; my @FanDuel #WFFC lineup will beat @DanMarino’s https://t.co/CFUwj1RfjX. Enter: https://t.co/Toa1n6wEXp,Wed Dec 09 22:38:53 +0000 2015,en,12,False,49,False,,Joseph Montana,JoeMontana
It’s time for @DanMarino vs. Montana. @FanDuel #WFFC lineup game on! https://t.co/cDPfmVUQWC. Enter: https://t.co/Toa1n6OfOX,Sat Dec 05 22:16:11 +0000 2015,en,16,False,56,False,,Joseph Montana,JoeMontana
Research is key 4 my @FanDuel #WFFC lineup https://t.co/TF1lGRAI1z. What about  you @DanMarino? Join me https://t.co/Toa1n6wEXp,Fri Dec 04 16:32:40 +0000 2015,en,11,False,36,False,,Joseph Montana,JoeMontana
I will be @overlandparkcc this weekend with some more @chiefs signing autographs &amp; taking pictures.  More info https://t.co/tnHzqZeDMA,Mon Nov 02 23:51:41 +0000 2015,en,38,False,113,False,,Joseph Montana,JoeMontana
"Come see @DwightC87 , @JerryRice , myself &amp; 50 other athletes @DullesExpoCtr  @csashows this weekend.
 For more info http://t.co/xCePSnPuxV",Thu Oct 08 17:54:23 +0000 2015,en,16,False,51,False,,Joseph Montana,JoeMontana
Want to meet up &amp; talk #successbeyondthegame? I’ll be @Nordstrom Valley Fair w/ #HUGOBOSS Fragrances on 10/3 from 3-5PM. Stop by &amp; say hello,Fri Oct 02 17:13:38 +0000 2015,en,15,False,49,False,,Joseph Montana,JoeMontana
"Looking forward to some exciting matchups in the Air today–Romo v. Bradford, Rodgers v. Wilson. Who are your picks? #AirandGround",Sun Sep 20 17:36:29 +0000 2015,en,14,False,67,False,,Joseph Montana,JoeMontana
Peyton Manning an early leader for @FedEx  #AirandGround nominee? 3 TDs and 70k+ career passing yards tells me yes!  #ad,Fri Sep 18 19:39:15 +0000 2015,en,19,False,70,False,,Joseph Montana,JoeMontana
"We talk a lot about innovation and problem solving,  but we aren't training our kids to do it. Let's #RethinkHighSchool with  @XQAmerica.",Tue Sep 15 17:12:05 +0000 2015,en,47,False,110,False,,Joseph Montana,JoeMontana
.@XQAmerica is challenging us to  #RethinkHighSchool. Find out how you can get involved: http://t.co/hGWrUJnnjb,Tue Sep 15 17:11:01 +0000 2015,en,5,False,23,False,,Joseph Montana,JoeMontana
If anyone deserves this it is Mr. D #greatestowner https://t.co/Fj8uPtSZjj,Wed Sep 02 19:11:44 +0000 2015,en,229,False,325,False,,Joseph Montana,JoeMontana
"RT @jswartz: Joe Montana helps lead charge as GameOn debuts
http://t.co/E2zHlpUv6O via @jswartz",Sat Aug 08 13:44:24 +0000 2015,en,23,False,0,False,,Joseph Montana,JoeMontana
"RT @TheNextWeb: GameOn rallies sports fans with news, stickers and trash talk http://t.co/e7KQBZP6qS http://t.co/RpE5MLUHBP",Fri Aug 07 11:20:30 +0000 2015,en,19,False,0,False,,Joseph Montana,JoeMontana
"RT @jeffbercovici: Sports app @GetGameOn puts you in the huddle with ""somebody who actually played the damn game,"" says @LawyerMilloy. http…",Fri Aug 07 01:26:37 +0000 2015,en,25,False,0,False,,Joseph Montana,JoeMontana
"RT @readDanwrite: sports app GameOn will compete with Twitter, Snapchat, WhatsApp, ESPN, Derek Jeter, and cable companies. tall order! http…",Fri Aug 07 01:24:53 +0000 2015,en,15,False,0,False,,Joseph Montana,JoeMontana
RT @Benioff: Labron couldn't do it! Now well see if @SaveMissionBay led by @samsinger &amp; a NYC lawyer can stop our @warriors! http://t.co/41…,Tue Jul 28 17:13:55 +0000 2015,en,19,False,0,False,,Joseph Montana,JoeMontana
"Cleanly Expands to Brooklyn, Competes with FlyCleaners http://t.co/NX6FI9wBGG",Sat Jul 25 18:00:50 +0000 2015,en,11,False,20,False,,Joseph Montana,JoeMontana
I will be at @SportsVaultShop in the @KoP_Mall at 12pm on Sat 6/20 courtesy @MABCelebrity http://t.co/kTvIVpbT9N,Fri Jun 19 18:01:25 +0000 2015,en,7,False,36,False,,Joseph Montana,JoeMontana
GO WARRIORS!!!,Tue Jun 16 18:39:46 +0000 2015,en,306,False,380,False,,Joseph Montana,JoeMontana
I will be at @SportsVaultShop in the @KoP_Mall at 12pm on Sat 6/20 courtesy @MABCelebrity http://t.co/kTvIVpbT9N,Tue Jun 16 18:24:24 +0000 2015,en,15,False,36,False,,Joseph Montana,JoeMontana
“Happy 50th Anniversary @PepsiCo”,Mon Jun 08 17:26:52 +0000 2015,en,26,False,63,False,,Joseph Montana,JoeMontana
Great time this week with the @Pepsi team! Getting hyped for the 2015 season🏈 http://t.co/ioREPyrgWY,Fri May 08 20:31:49 +0000 2015,en,64,False,244,False,,Joseph Montana,JoeMontana
"WOW I forgot how beautiful Seattle is when the sun is out! Never been on Microsoft campus before, this place is HUGE!",Tue Apr 14 22:00:19 +0000 2015,en,267,False,459,False,,Joseph Montana,JoeMontana
"PJ is creating American jobs, so why are we threatening to kick him out? See &amp; share his story to #LetPJStay http://t.co/2iXbNGdQlD",Wed Apr 01 16:01:26 +0000 2015,en,14,False,40,False,,Joseph Montana,JoeMontana
#NotreDame fans I’ll be signing autographs &amp; doing photo-ops at @FansAuthentic #FAShows on  3/20 at 7:30pm. More info http://t.co/Pk0MaDvH2m,Tue Mar 17 15:55:33 +0000 2015,en,22,False,62,False,,Joseph Montana,JoeMontana
It just got Unreal @unrealengine #joemontanafootball16 http://t.co/yt0WivWFmO,Tue Mar 17 00:05:33 +0000 2015,en,898,False,789,False,,Joseph Montana,JoeMontana
Come see me this weekend @SCConventionCtr w @JerryRice @DwightC87 @RonnieLottHOF  &amp; more. For more info go to http://t.co/0XDn9RXXWN,Fri Mar 06 16:54:09 +0000 2015,en,29,False,58,False,,Joseph Montana,JoeMontana
"I will be @SCConventionCtr Mar. 8 w/ @JerryRice Steve young @DwightC87 @RonnieLottHOF @PatrickWillis52  
for info http://t.co/CV0kJ8v7xw",Mon Feb 23 20:43:29 +0000 2015,en,42,False,113,False,,Joseph Montana,JoeMontana
"Super advanced cancer, children's &amp; women's hospitals opening in #SanFrancisco #SuperBowl Sunday: http://t.co/mQlhc6qZFW  @UCSFHospitals",Sun Feb 01 04:14:58 +0000 2015,en,47,False,122,False,,Joseph Montana,JoeMontana
Welcome to the winner’s circle @OhioStAthletics #CFBchampionship #ad http://t.co/QONvSjOWQU,Wed Jan 14 00:47:07 +0000 2015,en,1410,False,2135,False,,Joseph Montana,JoeMontana
Met one of my all time favs at the UCSF MB event!!! Ron and I had the pleasure to intro... If I could only sing!!! http://t.co/a7hPIZ49dL,Tue Jan 13 03:37:05 +0000 2015,en,42,False,178,False,,Joseph Montana,JoeMontana
"Just voted for my favorite Doritos Crash the Super Bowl ad. The ad with the most votes will air on the Super Bowl!

https://t.co/LHIyY3Szjq",Thu Jan 08 22:48:54 +0000 2015,en,38,False,57,False,,Joseph Montana,JoeMontana
"I’ve taken up a new hobby. Do you think I have potential, @ATT? http://t.co/Hdtzzw7XmP #IMadeThis",Sat Jan 03 00:30:54 +0000 2015,en,102,False,286,False,,Joseph Montana,JoeMontana
"Trophies are great, but why keep them in a cabinet? I like to wear mine. http://t.co/LWPQUJkUkI Right @ATT",Wed Dec 31 17:49:34 +0000 2014,en,840,False,1290,False,,Joseph Montana,JoeMontana
RT @jmontanadesign: @JoeMontana and I enjoying #PikesMarket #Seattle! Excited for today's game and @fam1stfam charity dinner! #BEASTMODE ht…,Sun Dec 14 19:38:55 +0000 2014,en,89,False,0,False,,Joseph Montana,JoeMontana
Still at Nello.... Grappa!!! Oh yeah the water is not ours!!! @jmontanadesign http://t.co/Ob9EAWtXKN,Thu Dec 11 20:05:07 +0000 2014,en,9,False,72,False,,Joseph Montana,JoeMontana
A Bellini at Nello in NY! Taking a break from the exhausting game of Christmas shopping!,Thu Dec 11 17:43:55 +0000 2014,en,9,False,51,False,,Joseph Montana,JoeMontana
Shooting a commercial with some Heisman Trophy winners today!! Guess which one doesn't own one?? http://t.co/L1oIIs1pJM,Tue Dec 09 01:24:09 +0000 2014,en,80,False,217,False,,Joseph Montana,JoeMontana
Celebrating Nicky's last game! http://t.co/LOBmeF97Xp,Sun Dec 07 07:09:42 +0000 2014,en,47,False,267,False,,Joseph Montana,JoeMontana
RT @ThatSportsGamer: @SmittyD1981 Let's not forget. I was the first one to post this -&gt; http://t.co/HJYSFikklO,Thu Dec 04 19:34:53 +0000 2014,en,55,False,0,False,,Joseph Montana,JoeMontana
I will be in Houston this Sunday signing autographs &amp; taking pictures @GRBCC  For more info go to http://t.co/2UiQhq2YVq,Thu Dec 04 17:15:18 +0000 2014,en,15,False,43,False,,Joseph Montana,JoeMontana
"RT @jmontanadesign: 555 California Tree Lighting with the amazing @Phillips, rocking a  Chain Reaction necklace stamped with #Faith http://…",Wed Dec 03 04:16:04 +0000 2014,en,43,False,0,False,,Joseph Montana,JoeMontana
At the 555 California tree lighting in San Francisco! http://t.co/whAMzWJxaJ,Wed Dec 03 01:23:45 +0000 2014,en,13,False,89,False,,Joseph Montana,JoeMontana
At the game! Let's go @49ers http://t.co/Iv0dMjclsf,Sun Nov 23 22:50:02 +0000 2014,en,483,False,1094,False,,Joseph Montana,JoeMontana
Picking out @MFSports apparel! What do you guys think? 🏈 http://t.co/hlX8erg54z,Thu Nov 20 03:32:53 +0000 2014,en,35,False,147,False,,Joseph Montana,JoeMontana
RT @jmontanadesign: @JoeMontana wearing a piece from Nick&amp;Nate Line. Visit http://t.co/3od30sgKFV to learn more about the line 😃 http://t.c…,Mon Nov 10 05:10:08 +0000 2014,en,24,False,0,False,,Joseph Montana,JoeMontana
Let's go @49ers!,Sun Nov 09 22:36:28 +0000 2014,en,296,False,488,False,,Joseph Montana,JoeMontana
"RT @MFSports: We have 13 contests for week 10! Since we are still in beta testing, 10 of the contests are FREE PLAY with real $! http://t.c…",Wed Nov 05 18:16:14 +0000 2014,en,8,False,0,False,,Joseph Montana,JoeMontana
Nothin like a good BUM!!! Go Giants!!! Congrats!!! @SFGiants,Thu Oct 30 03:50:21 +0000 2014,en,1053,False,1920,False,,Joseph Montana,JoeMontana
"RT @49ers: Legend @JoeMontana breaks down footage from his playing days.

WATCH: http://t.co/GPRXfB2B4w

#49ersAlumniWeek http://t.co/PRuZu…",Wed Oct 29 02:00:45 +0000 2014,en,597,False,0,False,,Joseph Montana,JoeMontana
"RT @MFSports: We had our first ""Free Play"" winner who received $1000! Only 5 Free contests left for week 9 of the NFL, register now to win …",Wed Oct 29 01:18:18 +0000 2014,en,2,False,0,False,,Joseph Montana,JoeMontana
Came across this awesome memory on @LevisStadium page! Good times. http://t.co/huOXASLP5O,Tue Oct 28 18:26:11 +0000 2014,en,64,False,148,False,,Joseph Montana,JoeMontana
RT @MFSports: First week of beta testing for MFSports and it couldn't have gone better. Thanks to everyone for the support! http://t.co/NGf…,Tue Oct 28 16:06:26 +0000 2014,en,11,False,0,False,,Joseph Montana,JoeMontana
RT @jmontanadesign: Go @SFGiants!!! Front row with @JoeMontana #sf #SFGiants #OctoberTogether #WorldSeries #Giants http://t.co/AKmoCO8hgh,Mon Oct 27 01:23:39 +0000 2014,en,113,False,0,False,,Joseph Montana,JoeMontana
"Magowan, Montana &amp; Brett. May the best team win go @sfgiants! #GIANTS #sfgiants #sf #sanfrancisco http://t.co/pgBiDGWVjY",Sat Oct 25 03:20:50 +0000 2014,en,92,False,186,False,,Joseph Montana,JoeMontana
RT @jmontanadesign: Go @sfgiants!!! Takin in the game with good friends! #sf #giants #worldseries #sanfrancisco #sfgiants http://t.co/HhWka…,Sat Oct 25 02:15:19 +0000 2014,en,49,False,0,False,,Joseph Montana,JoeMontana
Let's go @sfgiants #worldseries #sf #giants http://t.co/pmpb2miIZI,Sat Oct 25 00:21:23 +0000 2014,en,240,False,429,False,,Joseph Montana,JoeMontana
Good morning and happy Friday! Check out my first video on twitter. Thanks for supporting @MFSports http://t.co/loQAH8pyrF,Fri Oct 24 18:50:15 +0000 2014,en,11,False,31,False,,Joseph Montana,JoeMontana
@sthomas141 that's me,Fri Oct 24 15:38:19 +0000 2014,en,2,False,3,False,,Joseph Montana,JoeMontana
RT @theurparanoid: Montana Football is coming back! http://t.co/lwF9N5IysR,Fri Oct 24 07:37:37 +0000 2014,en,12,False,0,False,,Joseph Montana,JoeMontana
RT @bd94s10: @JoeMontana ^ here is your profile link. Cheers! http://t.co/YbEVqEpvTD 👍🏈🏈,Fri Oct 24 07:33:45 +0000 2014,en,6,False,0,False,,Joseph Montana,JoeMontana
RT @BeyondDiff: Touchdown! @JoeMontana has taken the #iminpledge to be kind online! Join Joe here: http://t.co/jFgmh30fyE http://t.co/IceY7…,Fri Oct 24 04:05:59 +0000 2014,en,21,False,0,False,,Joseph Montana,JoeMontana
National Be Kind Online Day! Join me in taking the pledge to be kind online. Are you in? http://t.co/8qzmkcF9A0 #iminpledge #EndBullying,Thu Oct 23 21:55:22 +0000 2014,en,53,False,66,False,,Joseph Montana,JoeMontana
Find me on Instagram @officialjoemontana,Thu Oct 23 01:11:12 +0000 2014,en,44,False,90,False,,Joseph Montana,JoeMontana
So many things happening! Here is a teaser of what is coming. Stay tuned for more. #morethanarosterupdate #montana16 http://t.co/Sft5c3jNwX,Wed Oct 22 22:22:18 +0000 2014,en,188,False,199,False,,Joseph Montana,JoeMontana
@juniorrich @MFSports thanks for the support and happy birthday!,Wed Oct 22 14:38:47 +0000 2014,en,3,False,5,False,,Joseph Montana,JoeMontana
After 2 years in the making! Follow @MFSports http://t.co/oOHuQ3skUs,Wed Oct 22 14:28:10 +0000 2014,en,10,False,29,False,,Joseph Montana,JoeMontana
RT @MFSports: Welcome to week 8 of the #NFL! We are just about ready to launch! Putting together the final touches on the website! #Fantasy…,Wed Oct 22 14:15:23 +0000 2014,en,7,False,0,False,,Joseph Montana,JoeMontana
@SFGiants #OctoberTogether http://t.co/mOu5rMWoLI,Wed Oct 22 03:17:16 +0000 2014,und,145,False,247,False,,Joseph Montana,JoeMontana
RT @jmontanadesign: Celebrating the #Giants! What a great game #GoGiants #WorldSeries http://t.co/7RkLQYNAWW,Fri Oct 17 05:19:48 +0000 2014,en,298,False,0,False,,Joseph Montana,JoeMontana
RT @SFGiants: #SFGiants #OctoberTogether with @JoeMontana http://t.co/8yKBiTqjeI,Fri Oct 17 00:05:30 +0000 2014,en,327,False,0,False,,Joseph Montana,JoeMontana
RT @MFSports: We are so excited for our launch! Stay tuned for more information! http://t.co/p8k2pte0aN,Thu Oct 16 16:52:42 +0000 2014,en,20,False,0,False,,Joseph Montana,JoeMontana
@BrunoMars great show!! Thank you,Wed Oct 15 18:13:22 +0000 2014,en,8,False,19,False,,Joseph Montana,JoeMontana
RT @BrunoMars: Tonight I Got to play in beautiful San Fran and meet Joe Montana #TodayWasAGoodDay http://t.co/p0DLalxVOK,Wed Oct 15 18:13:04 +0000 2014,en,3203,False,0,False,,Joseph Montana,JoeMontana
"RT @ESPNNFL: On this day in 1990, @49ers QB @JoeMontana had a career high 6 TD passes as San Francisco beat Atlanta 45-35. http://t.co/S2a2…",Tue Oct 14 18:25:54 +0000 2014,en,278,False,0,False,,Joseph Montana,JoeMontana
RT @sportingnews: .@JoeMontana's selfie game is strong. https://t.co/DQ7HiOmB1E,Tue Oct 07 20:57:09 +0000 2014,en,19,False,0,False,,Joseph Montana,JoeMontana
Hey Everyone! I am officially on Instagram! Follow me @officialjoemontana. Thanks for the support,Tue Oct 07 19:06:42 +0000 2014,en,80,False,132,False,,Joseph Montana,JoeMontana
"The  MyBook isn't real, but #OneCitySF is.  Check me out in this video w/ @MCHammer @Biz @MayorEdLee @HBarnes at http://t.co/qnUz04jYZs.",Tue Sep 30 15:38:19 +0000 2014,en,13,False,18,False,,Joseph Montana,JoeMontana
"RT @RonConway: The MyBook isn't real, but #OneCitySF is. Check me out in this video w/ @Hbarnes @JoeMontana @MayorEdLee @Biz at http://t.co…",Tue Sep 30 15:34:22 +0000 2014,en,16,False,0,False,,Joseph Montana,JoeMontana
"Have u ever seen so many helmets come off so easily? Has to
Be that chinstrap design!! This is ridiculous to see how easy helmets come off!",Sun Sep 28 21:32:27 +0000 2014,en,126,False,176,False,,Joseph Montana,JoeMontana
"@blakeshelton I wont let you drink alone, I will have one (at a time) also!",Fri Sep 26 16:51:51 +0000 2014,en,13,False,35,False,,Joseph Montana,JoeMontana
Great moment for a great guy.  @Yankees Legend Derek Jeter goes out in style!  #captainwalkoff,Fri Sep 26 16:50:09 +0000 2014,en,79,False,130,False,,Joseph Montana,JoeMontana
RT @blakeshelton: Ahhhh!!!! It's this Tuesday!! My new album comes out THIS Tuesday!!!!! This calls for a drink. #BRINGINGBACKTHESUNSHINE,Fri Sep 26 16:27:34 +0000 2014,en,514,False,0,False,,Joseph Montana,JoeMontana
Come see @DwightC87 @JerryRice @4everYoungFndtn @49ers &amp; myself @SCConventionCtr Tomorrow.  For more info http://t.co/gsfeZ1BhJx,Fri Sep 26 16:19:12 +0000 2014,en,17,False,30,False,,Joseph Montana,JoeMontana
"RT @BNYMellonWealth: If it feels like you’ve had to earn a degree in finance, let’s talk. http://t.co/ceU6vjEraM http://t.co/MjPfFMfHEK",Fri Sep 26 15:56:34 +0000 2014,en,10,False,0,False,,Joseph Montana,JoeMontana
I will be at SCCC Sat signing autographs w/ @DwightC87 @JerryRice  &amp; many more @49ers For more information go to http://t.co/gsfeZ1BhJx,Wed Sep 24 16:58:19 +0000 2014,en,15,False,47,False,,Joseph Montana,JoeMontana
RT @jmontanadesign: Brian McEnnerney poses with jewelry designer and philanthropist Jennifer Montana at the Lights On Festival. http://t.co…,Thu Sep 18 15:28:42 +0000 2014,en,7,False,0,False,,Joseph Montana,JoeMontana
Disappointing loss but still a long season!!  Appreciate all the cheers from the fans for myself and all the @ProFootballHOF  guys.,Mon Sep 15 15:09:39 +0000 2014,en,127,False,274,False,,Joseph Montana,JoeMontana
Let's open the @LevisStadium with a new @nfl home field advantage!  See you there.  #49erempire #49ersNation  Let's go @49ers .,Sun Sep 14 19:51:36 +0000 2014,en,803,False,857,False,,Joseph Montana,JoeMontana
RT @BNYMellonWealth: Get back to what you really enjoy. See what a different kind of Wealth Manager can do for you http://t.co/Cw7aZYzTqk h…,Fri Sep 12 15:54:35 +0000 2014,en,10,False,0,False,,Joseph Montana,JoeMontana
"Honoring service, sacrifice and taking care of our own... #ItsOurTurn to  #MoveForVeterans and #RunWithGlory with @Team RWB. Game time!",Thu Sep 11 15:46:05 +0000 2014,en,54,False,109,False,,Joseph Montana,JoeMontana
I'm proud to  support #veterans &amp; @TeamRWB w/fundraiser at Waterbar Wed night.Strong metrics from recent study: http://t.co/NLHkgOCX4h,Wed Sep 10 14:57:37 +0000 2014,en,29,False,63,False,,Joseph Montana,JoeMontana
RT @BNYMellonWealth: Get your money off your mind and see what the right Wealth Manager can do for you. http://t.co/D7SGxaZ0gc http://t.co/…,Fri Sep 05 10:10:23 +0000 2014,en,20,False,0,False,,Joseph Montana,JoeMontana
RT @EmCollective: San Francisco Chronicle op-ed: Torlakson defends status quo in seeking appeal of Vergara ruling http://t.co/GIX9Bb9Edr,Wed Sep 03 16:32:14 +0000 2014,en,10,False,0,False,,Joseph Montana,JoeMontana
"RT @BNYMellonWealth: If you feel like you’ve had to become your own Wealth Manager, maybe it’s time we talked. http://t.co/oPZxciqCqz http:…",Fri Aug 29 10:39:20 +0000 2014,en,19,False,0,False,,Joseph Montana,JoeMontana
RT @jmontanadesign: Like us on Facebook to enter our first JMD contest! http://t.co/8b8258nYo3,Tue Aug 19 17:22:11 +0000 2014,en,19,False,0,False,,Joseph Montana,JoeMontana
RT @jmontanadesign: Like us on Facebook to be entered in our first contest to win 2 tickets to a lovely JMD Event this Thursday 8/21 in the…,Tue Aug 19 17:22:05 +0000 2014,en,7,False,0,False,,Joseph Montana,JoeMontana
RT @jmontanadesign: Get Your Key To The Stadium! Designed by Jennifer Montana for the 49′ers Foundation. #49ers #levistadium #sf #niners ht…,Fri Jul 18 23:12:58 +0000 2014,en,31,False,0,False,,Joseph Montana,JoeMontana
RT @jmontanadesign: 49′ERS KEY TO THE STADIUM KEY RING!!! Get yours at http://t.co/YB6FZeEmwF http://t.co/6fRXHIKdnL,Fri Jul 18 23:12:52 +0000 2014,en,12,False,0,False,,Joseph Montana,JoeMontana
RT @jmontanadesign: The lovely Joanne Pasternack  wearing JMD 49er's necklace at the Levi's Stadium ribbon cutting ceremony!!! http://t.co/…,Fri Jul 18 23:12:45 +0000 2014,en,5,False,0,False,,Joseph Montana,JoeMontana
"It's up against ""the immaculate reception"" in  the final.  GO NINERS!",Fri Jul 18 20:28:48 +0000 2014,en,41,False,93,False,,Joseph Montana,JoeMontana
"Hey  49ers fans,
 Go  to http://t.co/K9yskI4quu, then click NFL, and vote for ""the catch"" as the most  memorable moment in NFL history.",Fri Jul 18 20:28:38 +0000 2014,en,106,False,109,False,,Joseph Montana,JoeMontana
RT @JeffGarciaJGFA: Just talking a little pre game attack w/ @49er great @JoeMontana Going over @nfl Coaching Great #BillWalsh First 15 htt…,Wed Jul 16 18:34:09 +0000 2014,en,10,False,0,False,,Joseph Montana,JoeMontana
"RT @abc7newsBayArea: #49ers legends @JoeMontana, @JerryRice, our own @MikeShumann and many more played one final game at #Candlestick Park …",Sun Jul 13 21:44:51 +0000 2014,en,49,False,0,False,,Joseph Montana,JoeMontana
Mr. D with a last minute pep talk. http://t.co/jfSDuIv5SQ,Sun Jul 13 06:56:55 +0000 2014,en,102,False,249,False,,Joseph Montana,JoeMontana
What a feeling to hear my name one last time at Candlestick. http://t.co/pVylLu0a6L,Sun Jul 13 06:55:08 +0000 2014,en,425,False,812,False,,Joseph Montana,JoeMontana
Coin toss for the SF Police &amp; Fire game http://t.co/pLJeNJfaSW,Sat Jul 12 23:30:07 +0000 2014,en,60,False,151,False,,Joseph Montana,JoeMontana
Wow this games have changed!  #stayhydrated http://t.co/7stGAMEL5I,Sat Jul 12 22:55:15 +0000 2014,en,354,False,437,False,,Joseph Montana,JoeMontana
Going over game plan. http://t.co/VhE3K0sE5c,Sat Jul 12 22:55:11 +0000 2014,en,47,False,150,False,,Joseph Montana,JoeMontana
Today is the big day.  Last game at Candlestick!   See all you @49ers  fans there.  #legendsofcandlestick,Sat Jul 12 19:39:07 +0000 2014,en,187,False,267,False,,Joseph Montana,JoeMontana
Almost game time!  #legendsofcandlestick http://t.co/62BdzP882y,Fri Jul 11 22:58:10 +0000 2014,en,98,False,193,False,,Joseph Montana,JoeMontana
http://t.co/GM2Q6QwnyC,Fri Jul 11 22:50:12 +0000 2014,und,209,False,404,False,,Joseph Montana,JoeMontana
This is great!  @JerryRice &amp; Mr. D http://t.co/S1AzN33tPG,Fri Jul 11 22:49:11 +0000 2014,en,1116,False,1385,False,,Joseph Montana,JoeMontana
RT @JeffGarciaJGFA: Getting ready 4 the #BigGame Back in Legendary #Candlestick with the Legend himself @JoeMontana Championship History ht…,Fri Jul 11 22:46:55 +0000 2014,en,179,False,0,False,,Joseph Montana,JoeMontana
The jersey says it all!! http://t.co/aQIQGOpl0w,Fri Jul 11 21:20:56 +0000 2014,en,88,False,157,False,,Joseph Montana,JoeMontana
"#youvewaitedlongenough
#joemontanafootball16 http://t.co/dHa0EWMf2Y",Fri Jul 11 19:42:48 +0000 2014,und,298,False,291,False,,Joseph Montana,JoeMontana
#youvewaitedlongenough #joemontanafootball16 http://t.co/P8623kEZgD,Fri Jul 11 19:15:08 +0000 2014,und,152,False,206,False,,Joseph Montana,JoeMontana
The boys are slowly getting in to town. I really mean slowly!  Practice today should be FUN.Tickets still available for the last game in SF,Fri Jul 11 14:31:08 +0000 2014,en,39,False,114,False,,Joseph Montana,JoeMontana
"RT @RonnieLottHOF: Limbering up! RT @49ers: See @JoeMontana, @JerryRice, @RonnieLottHOF in ""Legends of Candlestick"" football game.
INFO: ht…",Thu Jul 10 16:54:08 +0000 2014,en,31,False,0,False,,Joseph Montana,JoeMontana
Had a great time at fire station 35 today.  #sfofire #sfopolice http://t.co/BgBRsYj9DQ,Thu Jul 10 04:03:40 +0000 2014,en,28,False,139,False,,Joseph Montana,JoeMontana
RT @TheStickLegends: Stop by SF Fire Station at Pier 22 1/2 today from 4-6p for a public signing with #JoeMontana. #NeverBeforeNeverAgain #…,Wed Jul 09 23:47:15 +0000 2014,en,12,False,0,False,,Joseph Montana,JoeMontana
"I am ready now!  #gametime 
#legendsofcandlestick http://t.co/RyDQ3CkF4j",Wed Jul 09 21:09:23 +0000 2014,en,201,False,448,False,,Joseph Montana,JoeMontana
"My jersey just got here, I'm pumped, its almost time for the game. #can'twait #gametime http://t.co/bMwtGQAnsM",Tue Jul 08 19:43:15 +0000 2014,en,184,False,332,False,,Joseph Montana,JoeMontana
"For more info on the signing &amp; Football game go to 
http://t.co/6VATchlq1h
Are you ready for some FOOTBALL?",Mon Jul 07 20:39:05 +0000 2014,en,22,False,42,False,,Joseph Montana,JoeMontana
I will be signing autographs Wednesday at San Francisco Fire Station #35. All proceeds will benefit the San Francisco Firefighters &amp; Police,Mon Jul 07 20:37:05 +0000 2014,en,60,False,92,False,,Joseph Montana,JoeMontana
"Have a safe and Happy 4th of July weekend!!
http://t.co/6VATchlq1h 
Can't wait.
#thearmfeelsgood",Fri Jul 04 15:50:14 +0000 2014,en,55,False,127,False,,Joseph Montana,JoeMontana
Great game.,Tue Jul 01 22:32:38 +0000 2014,en,115,False,147,False,,Joseph Montana,JoeMontana
Wow that was crazy.,Tue Jul 01 22:25:05 +0000 2014,en,58,False,81,False,,Joseph Montana,JoeMontana
Wow,Tue Jul 01 22:00:15 +0000 2014,und,39,False,44,False,,Joseph Montana,JoeMontana
GOAL. Getting to excited,Tue Jul 01 21:58:03 +0000 2014,en,16,False,36,False,,Joseph Montana,JoeMontana
Howard is AWESOME.  #beastmode  #USA  Let's score a GAOL!!,Tue Jul 01 21:56:13 +0000 2014,en,105,False,141,False,,Joseph Montana,JoeMontana
Howard is a beast! Let's see some offense.,Tue Jul 01 21:32:52 +0000 2014,en,546,False,453,False,,Joseph Montana,JoeMontana
"Let's go USA!
#WorldCup2014",Tue Jul 01 20:44:20 +0000 2014,en,168,False,197,False,,Joseph Montana,JoeMontana
"Less than 2 weeks for the big game.  Can't wait to get on the field again with my @49ers teammates!
http://t.co/6VATchlq1h
#49ers #NFL",Tue Jul 01 16:24:05 +0000 2014,en,69,False,109,False,,Joseph Montana,JoeMontana
"SF Mayor Lee fought to win Lucas museum. Who didn't? This  poll shows: vote!
  
 http://t.co/hPznoplx6L",Fri Jun 27 14:02:30 +0000 2014,en,19,False,27,False,,Joseph Montana,JoeMontana
"Lets go USA!  We need a GOAL!
#WorldCup2014",Thu Jun 26 17:22:14 +0000 2014,en,244,False,253,False,,Joseph Montana,JoeMontana
"Can't wait for @USASoccer tomorrow! 
#WorldCup2014",Wed Jun 25 16:43:51 +0000 2014,en,87,False,152,False,,Joseph Montana,JoeMontana
"@RonConway  
 Immigration reform is waiting for congressional leadership. #insideout11M http://t.co/yIZJvTPmg2",Fri Jun 20 21:56:34 +0000 2014,en,6,False,8,False,,Joseph Montana,JoeMontana
http://t.co/hjUmLPqNKh   I can't wait to see all my @49ers teammates.  It will be good to go up against @DanMarino one more time.,Wed Jun 18 17:53:28 +0000 2014,en,68,False,115,False,,Joseph Montana,JoeMontana
USA USA  #WorldCup2014,Tue Jun 17 15:16:33 +0000 2014,in,63,False,103,False,,Joseph Montana,JoeMontana
"@spurs in 5, just like I said! Yeah right.  Congrats to the @spurs.  Team work makes Championships.",Mon Jun 16 21:19:04 +0000 2014,en,9,False,18,False,,Joseph Montana,JoeMontana
RIP to The Great Tony Gwynn!,Mon Jun 16 21:16:12 +0000 2014,en,87,False,162,False,,Joseph Montana,JoeMontana
"Lets go USA!!  #usasoccer #USASoccerTeam #WorldCup2014 
USA USA!!",Mon Jun 16 21:13:42 +0000 2014,es,147,False,150,False,,Joseph Montana,JoeMontana
Happy Father's Day!,Sun Jun 15 18:04:41 +0000 2014,en,88,False,157,False,,Joseph Montana,JoeMontana
"RT @jmontanadesign: ""Come and find out how Jennifer Montana created jobs for many. And gives almost all back to better communities""",Sat Jun 14 20:30:04 +0000 2014,en,4,False,0,False,,Joseph Montana,JoeMontana
TODAY I will be signing autographs &amp; taking pictures with fans in#LasVegas @FODVenetian &amp;@FODCaesars! Info:http://t.co/RgtSOLOcvU #Vegas,Sat Jun 14 18:03:01 +0000 2014,en,21,False,56,False,,Joseph Montana,JoeMontana
 TODAY come meet me and get my autograph in#LasVegas @TristarVegas &amp;@FODCaesars! More Info:http://t.co/mE8bYp73PZ See you there! #Vegas,Fri Jun 13 13:37:30 +0000 2014,en,10,False,26,False,,Joseph Montana,JoeMontana
RT @jmontanadesign: Jennifer wearing a Vintage piece that will be available at our Special Event June 14th! Join us at NM Walnut Creek http…,Thu Jun 12 19:07:34 +0000 2014,en,7,False,0,False,,Joseph Montana,JoeMontana
Ok lets see if @MiamiHEAT can do it tonight!  My buddy in Texas is all over me about @spurs .  #NBAFinals,Thu Jun 12 19:06:41 +0000 2014,en,19,False,41,False,,Joseph Montana,JoeMontana
"RT @jmontanadesign: Just a few days away! Special gift w/ purchase, stay tuned for details!Saturday, June 14th Neiman Marcus Walnut Creek h…",Thu Jun 12 19:03:09 +0000 2014,en,6,False,0,False,,Joseph Montana,JoeMontana
RT @jmontanadesign: Signed bottle of Montana family made olive oil signed by Joe and Jennifer Montana. Gift with purchase for Saturday!!! h…,Thu Jun 12 19:02:32 +0000 2014,en,8,False,0,False,,Joseph Montana,JoeMontana
Thank you so much for all the great birthday wishes!,Wed Jun 11 15:54:17 +0000 2014,en,358,False,780,False,,Joseph Montana,JoeMontana
"THIS WEEKEND!! Come meet me in #LasVegas @TristarVegas, @FODVenetian &amp; @FODCaesars! Info: http://t.co/TKJvgZzAR0",Wed Jun 11 15:48:30 +0000 2014,en,13,False,19,False,,Joseph Montana,JoeMontana
I still have @MiamiHEAT winning it all. I have them winning tonight.  #NBAFinals,Tue Jun 10 18:15:46 +0000 2014,en,68,False,81,False,,Joseph Montana,JoeMontana
RT @mayoredlee: Marc @Benioff ’s 1/1/1 model of integrated corporate philanthropy is a model that works &amp; helps our residents succeed http:…,Tue Jun 10 18:13:31 +0000 2014,en,38,False,0,False,,Joseph Montana,JoeMontana
RT @FOXSports: You've never been more ready for the World Cup than you will be after you watch this video. http://t.co/QuB7mlIQw0 http://t.…,Thu Jun 05 20:18:14 +0000 2014,en,147,False,0,False,,Joseph Montana,JoeMontana
Ok #NBAFinals tonight.  I have the @MiamiHEAT winning it all.,Thu Jun 05 20:07:56 +0000 2014,en,103,False,97,False,,Joseph Montana,JoeMontana
Getting ready for the BIG game July 12. #legendsofcandlestick http://t.co/W3baKVSTsT,Thu Jun 05 01:35:45 +0000 2014,en,100,False,194,False,,Joseph Montana,JoeMontana
@jphunter2009  you people should quit reading headlines and read the body of what is being said. You really look stupid when you don't read.,Tue Jun 03 04:09:02 +0000 2014,en,4,False,5,False,"{'coordinates': [-122.3954624, 37.78918377], 'type': 'Point'}",Joseph Montana,JoeMontana
@BuyNewHampshire guess u r as dumb as u sound... Don't need a body guard. It's easy to steer away from stupid people like u. Idiot,Tue Jun 03 04:04:39 +0000 2014,en,2,False,2,False,"{'coordinates': [-122.3954624, 37.78918377], 'type': 'Point'}",Joseph Montana,JoeMontana
Let's end gun violence NOW - Retweet #nogunsallowed #NotOneMore http://t.co/v7dXhfKgxS  http://t.co/v9T0qoNDh8  http://t.co/HcuiS3bWCF,Fri May 30 17:28:01 +0000 2014,en,136,False,74,False,,Joseph Montana,JoeMontana
RT @RonConway: Let's end gun violence NOW - Retweet #nogunsallowed #NotOneMore http://t.co/p3DATjEN2k http://t.co/HmzYPpEPGj http://t.co/m3…,Fri May 30 16:46:58 +0000 2014,en,60,False,0,False,,Joseph Montana,JoeMontana
RT @brianp: .@RonConway @MCHammer @SnoopDogg @JoeMontana together to end gun violence #NoGunsAllowed http://t.co/z4aoJurWSr,Fri May 30 16:45:19 +0000 2014,en,79,False,0,False,,Joseph Montana,JoeMontana
Happy Memorial Weekend! http://t.co/sg2VqupWAk,Sat May 24 17:00:36 +0000 2014,en,120,False,258,False,,Joseph Montana,JoeMontana
@Pacers looked good yesterday.  Lets see if @spurs can handle @okcthunder with a man down.  #NBAPlayoffs,Mon May 19 21:01:27 +0000 2014,en,1,False,5,False,,Joseph Montana,JoeMontana
July 12th 49er legends face the NFL All-Stars at the #LegendsofCandlestick flag  football finale. Tix avail May 10 #NeverBeforeNeverAgain,Mon May 12 15:32:02 +0000 2014,en,56,False,85,False,,Joseph Montana,JoeMontana
"@LAClippers  what a comeback!  I love comebacks!  @spurs always look good and people forget about them.
#NBAPlayoffs",Mon May 12 15:31:52 +0000 2014,en,4,False,13,False,,Joseph Montana,JoeMontana
Happy Mothers Day!,Sun May 11 16:29:08 +0000 2014,en,86,False,146,False,,Joseph Montana,JoeMontana
Build the @lucasmuseum in SF!  Sign the petition here: http://t.co/K1dTk289d5 Retweet #SF4LucasMuseum,Fri May 09 13:10:53 +0000 2014,en,54,False,23,False,,Joseph Montana,JoeMontana
Congrats to @KDTrey5 for MVP.  He looked like it the other night.  Who is going to the #finals?,Thu May 08 17:06:27 +0000 2014,en,27,False,62,False,,Joseph Montana,JoeMontana
Be a part of history- 49er legends take on Dan Marino &amp; NFL All-Stars @ the  #LegendsofCandlestick. Tix avail.May10 #NeverBeforeNeverAgain,Thu May 08 17:02:52 +0000 2014,en,47,False,68,False,,Joseph Montana,JoeMontana
@LAClippers look like a team on a mission.  @nba playoffs are great.,Tue May 06 15:00:31 +0000 2014,en,5,False,8,False,,Joseph Montana,JoeMontana
#LegendsofCandlestick - the final football finale at #CandlestickPark. Tix  avail. May 10 at http://t.co/hP1dGoSMje #NeverBeforeNeverAgain,Tue May 06 14:58:03 +0000 2014,en,49,False,47,False,,Joseph Montana,JoeMontana
RT @FansAuthentic: Follow @FansAuthentic &amp; RT for a chance to take a Photo-Op w/ @JoeMontana at Boston #FAShows. http://t.co/VnvWiDeO1b htt…,Fri May 02 01:55:43 +0000 2014,en,125,False,0,False,,Joseph Montana,JoeMontana
"THIS WEEKEND!! Come meet me in #LasVegas @TristarVegas, @FODVenetian &amp; @FODCaesars! Info: http://t.co/TKJvgZzAR0",Wed Apr 30 15:47:51 +0000 2014,en,14,False,20,False,,Joseph Montana,JoeMontana
"Big night for the @NBA &amp; @LAClippers  now it is time for the #splashbrothers to make it rain Thursday night @warriors 
#NBAPlayoffs",Wed Apr 30 15:47:23 +0000 2014,en,44,False,46,False,,Joseph Montana,JoeMontana
"RT @49ers: #49ers QB @Kaepernick7 &amp; LB @PatrickWillis52 visited with @JoeMontana over the weekend.

READ: http://t.co/SO9lCmAEkZ http://t.c…",Mon Apr 28 15:44:29 +0000 2014,en,310,False,0,False,,Joseph Montana,JoeMontana
Wow was it raining 3's or what with @warriors  #SplashBrothers,Mon Apr 28 15:43:34 +0000 2014,en,65,False,137,False,,Joseph Montana,JoeMontana
"RT @49ers: The @nfl schedule will be released today at 5 p.m. PT. 

#NinersDaily headlines: http://t.co/zEAVs5QlDi http://t.co/HvU9qijUSk",Wed Apr 23 15:29:09 +0000 2014,en,445,False,0,False,,Joseph Montana,JoeMontana
Love #playoffs   Don't forget @49ers fans on April 27 I will be at The Cow Palace from 12:30-1:30. More info http://t.co/8BbGitD6cW … …,Wed Apr 23 15:28:45 +0000 2014,en,22,False,40,False,,Joseph Montana,JoeMontana
RT @RonConway: My friend @SnoopDogg and I discussing plans for gun safety #nogunsallowed http://t.co/MY35kItlqf,Fri Apr 18 19:40:22 +0000 2014,en,754,False,0,False,,Joseph Montana,JoeMontana
Don't forget @49ers fans on April 27 I will be at The Cow Palace from 12:30-1:30. More info http://t.co/behRrk94ro …,Mon Apr 14 18:20:46 +0000 2014,en,14,False,35,False,,Joseph Montana,JoeMontana
Can't wait for #NBAPlayoffs to start.  Lets go @warriors . My @celtics did not look to good this year!,Mon Apr 14 18:17:49 +0000 2014,en,53,False,80,False,,Joseph Montana,JoeMontana
Looking forward to seeing all my @49ers fans on April 27 at The Cow Palace from 12:30-1:30. More info http://t.co/behRrk94ro,Fri Apr 04 16:50:10 +0000 2014,en,20,False,49,False,,Joseph Montana,JoeMontana
Ok guys I got one right in final four Florida. #MarchMadness  That being said I like Wisconsin and Florida.  Florida to win it all.,Tue Apr 01 20:16:16 +0000 2014,en,21,False,53,False,,Joseph Montana,JoeMontana
Please keep  Jim Kelly in your prayers. #prayersforJK,Tue Apr 01 17:11:01 +0000 2014,en,346,False,276,False,,Joseph Montana,JoeMontana
Help fund low cost medical care for people in need. Set up a monthly donation on @watsi here: http://t.co/ahEM7rRB3z,Sat Mar 22 21:38:44 +0000 2014,en,43,False,45,False,,Joseph Montana,JoeMontana
"#MarchMadness  I like Florida, Michigan State, Louisville and Oklahoma State for my #FinalFour",Thu Mar 20 15:26:12 +0000 2014,en,31,False,50,False,,Joseph Montana,JoeMontana
"Thanks for everyone that came out to meet me yesterday in Santa Clara.
 I am ready for #MarchMadness",Mon Mar 17 20:14:56 +0000 2014,en,11,False,70,False,,Joseph Montana,JoeMontana
I will be signing autographs and taking pictures with #49erfans in Santa Clara tomorrow at noon. More info : http://t.co/0XDn9RYvMl,Sat Mar 15 17:00:46 +0000 2014,en,31,False,47,False,,Joseph Montana,JoeMontana
I will be signing autographs and taking photos with fans today @FODVenetian in #LasVegas! More Info: http://t.co/s5byIfZIWs #Vegas #49ers,Sat Mar 15 16:52:55 +0000 2014,en,9,False,28,False,,Joseph Montana,JoeMontana
I will be signing autographs and taking photos with fans today @TristarVegas in #LasVegas! More Info:http://t.co/hj79O0Ayv7,Fri Mar 14 20:21:43 +0000 2014,en,20,False,24,False,,Joseph Montana,JoeMontana
This weekend! come meet me in #lasvegas @fodcaesers in @the_forum_shops More info:http://t.co/AHSS7zUDzp #49ers,Thu Mar 13 16:34:06 +0000 2014,en,9,False,12,False,,Joseph Montana,JoeMontana
"I will be at the #49er autograph event March 16 at noon - with @DwightC87  &amp; 20 others.  http://t.co/tnHzqZfbC8 for more  info""",Thu Mar 13 16:05:44 +0000 2014,en,32,False,47,False,,Joseph Montana,JoeMontana
@jjbirden of course I do. Miss those day and we still should have won it all!!! Sad we didn't,Fri Feb 28 04:29:50 +0000 2014,en,19,False,10,False,,Joseph Montana,JoeMontana
I will be signing autographs and taking photos with fans today @TristarVegas in #LasVegas! More Info:http://t.co/hj79O0Ayv7 #Vegas,Fri Feb 21 15:48:36 +0000 2014,en,18,False,32,False,,Joseph Montana,JoeMontana
"RT @espn: After today’s competition, the United States stands alone at the top of the #Sochi14 Medal Count. http://t.co/KeW1swEMsY",Wed Feb 19 20:47:28 +0000 2014,en,6015,False,0,False,,Joseph Montana,JoeMontana
THIS WEEKEND! Come meet me in Las Vegas @FODCaesars in @The_Forum_Shops! More  info: http://t.co/AHSS7zUDzp #49ers #Vegas #Niners #LasVegas,Wed Feb 19 17:04:45 +0000 2014,en,13,False,25,False,,Joseph Montana,JoeMontana
@buttwhoppers Wrong Joe!!!,Fri Feb 14 22:47:55 +0000 2014,en,2,False,1,False,"{'coordinates': [-122.39543813, 37.78919787], 'type': 'Point'}",Joseph Montana,JoeMontana
"#SB48 was not the game we thought it would be, but watching it with my wife was awesome! http://t.co/VaFT1LAmxL",Mon Feb 03 03:53:22 +0000 2014,en,66,False,252,False,,Joseph Montana,JoeMontana
Great time tonight at the #SB48 party with my boy @DwightC87 http://t.co/OpxqTMU7bj,Mon Feb 03 03:50:38 +0000 2014,en,112,False,266,False,,Joseph Montana,JoeMontana
Congratulations to the @Seahawks #worldchamps #SB48,Mon Feb 03 03:14:46 +0000 2014,en,250,False,251,False,,Joseph Montana,JoeMontana
"RT @mmsyellow: Denver scores! @JoeMontana wonders if it's ""too little too late."" #SB48 #mmscolorcommentary https://t.co/aNv03lSGGb",Mon Feb 03 02:58:31 +0000 2014,en,10,False,0,False,,Joseph Montana,JoeMontana
"""@mmsyellow: Congrats to the @CityofSeattle on winning #SB48! What a sweet victory! https://t.co/P6erPXDbGR""#SB48",Mon Feb 03 02:58:10 +0000 2014,en,43,False,42,False,,Joseph Montana,JoeMontana
So who is the most valuable player?  #SB48,Mon Feb 03 02:28:58 +0000 2014,en,48,False,66,False,,Joseph Montana,JoeMontana
"""@mmsyellow: The suspense is over! Check out my big #SB48 debut: http://t.co/sQ1LfP2HU7"" #SB48",Mon Feb 03 02:12:08 +0000 2014,en,14,False,19,False,,Joseph Montana,JoeMontana
"""@mmsyellow: Wow! Even @JoeMontana can't believe what a kick off return that was! #SB48 #mmscolorcommentary https://t.co/3gDfa6bhbY"" #SB48",Mon Feb 03 02:11:24 +0000 2014,en,12,False,22,False,,Joseph Montana,JoeMontana
"""@ESPNNFL: There has never been a shutout in the Super Bowl. 

Closest came in Super Bowl VI when Dallas beat Miami 24-3.""
#SB48",Mon Feb 03 01:58:48 +0000 2014,en,122,False,53,False,,Joseph Montana,JoeMontana
Big thanks to everyone that caught a pass from me to raise money for #autism .   Great #SB48 party! http://t.co/q6x72IfSx4,Mon Feb 03 01:23:33 +0000 2014,en,70,False,118,False,,Joseph Montana,JoeMontana
Throwing passes at #SB48  party for #autism charity http://t.co/iZhip7R7yN,Mon Feb 03 01:18:50 +0000 2014,en,121,False,191,False,,Joseph Montana,JoeMontana
RT @mmsyellow: A TD means his team gives him @Skittles! I enjoy any #SB48 TD celebration that's this colorful! https://t.co/3CVfEq1xON #mms…,Mon Feb 03 00:42:40 +0000 2014,en,91,False,0,False,,Joseph Montana,JoeMontana
@Seahawks defense is dictating this game! #SB48,Mon Feb 03 00:41:51 +0000 2014,en,6,False,9,False,,Joseph Montana,JoeMontana
RT @mmsyellow: Whoa! A #safety is a nutty way to start #SB48:  https://t.co/y7vC457VBM #mmscolorcommentary,Mon Feb 03 00:19:34 +0000 2014,en,38,False,0,False,,Joseph Montana,JoeMontana
RT @mmsyellow: .@JoeMontana says #PotRoast is the key to Denver's D. He'll look to gobble up the run in #SB48: https://t.co/k3I0i40x3z #mms…,Mon Feb 03 00:19:22 +0000 2014,en,16,False,0,False,,Joseph Montana,JoeMontana
RT @mmsyellow: It's good! 5-0 isn't a common football score according to @JoeMontana. https://t.co/Hai7S6qehD #mmscolorcommentary #sb48,Mon Feb 03 00:19:01 +0000 2014,en,17,False,0,False,,Joseph Montana,JoeMontana
@DwightC87 and Angie Everhart.  Great #SB48  party! http://t.co/T9hvYwLVl6,Sun Feb 02 23:58:48 +0000 2014,en,10,False,22,False,,Joseph Montana,JoeMontana
@Broncos  better do something this drive!  #SB48,Sun Feb 02 23:50:42 +0000 2014,en,11,False,12,False,,Joseph Montana,JoeMontana
Having fun at #SB48 #S party with friends and family. http://t.co/2bOO7O2Gv3,Sun Feb 02 23:46:28 +0000 2014,en,66,False,153,False,,Joseph Montana,JoeMontana
I liked @Broncos at the beginning of the week. Now I will take @Seahawks with the points!  #SB48,Sun Feb 02 22:31:08 +0000 2014,en,125,False,93,False,,Joseph Montana,JoeMontana
Having fun with some fans #SB48 http://t.co/ruuPP599YH,Sun Feb 02 22:22:49 +0000 2014,en,30,False,96,False,,Joseph Montana,JoeMontana
RT @BarrySanders: Backstage at @CaesarsAC  with @BarrySanders @JoeMontana @JayHarrisESPN http://t.co/jmQ8lAgG4v,Sun Feb 02 20:36:26 +0000 2014,en,41,False,0,False,,Joseph Montana,JoeMontana
Great view today in #NewYorkCity #SB48  can't wait for the big game! http://t.co/Ko7xUzV8sw,Sun Feb 02 17:51:28 +0000 2014,en,119,False,224,False,,Joseph Montana,JoeMontana
"RT @FOXSports1: WHAT A GROUP! 
@JoeMontana, @CharissaT, &amp; @MikePereira before Pereira refed the DirecTV Beach Bowl! http://t.co/oTbYAJNF91",Sun Feb 02 04:46:39 +0000 2014,en,34,False,0,False,,Joseph Montana,JoeMontana
#EdisonBallroom will have #football festivities on the day of the big game. Get your tix here! http://t.co/tFafSrgnCl  @indraprgroup,Sun Feb 02 02:34:58 +0000 2014,en,7,False,14,False,,Joseph Montana,JoeMontana
Nice running into Eli Manning today. http://t.co/wn2wRoyDBr,Sun Feb 02 02:27:09 +0000 2014,en,97,False,252,False,,Joseph Montana,JoeMontana
What a game today.  Thank you @DIRECTV   A win is always great during #SuperBowl http://t.co/mrSbihgp0R,Sun Feb 02 02:24:49 +0000 2014,en,30,False,68,False,,Joseph Montana,JoeMontana
RT @TroyAikman: What an awesome Pro Football Hall of Fame Class of 2014! Congratulations to you all! @ProFootballHOF,Sun Feb 02 02:18:45 +0000 2014,en,91,False,0,False,,Joseph Montana,JoeMontana
RT @GuyFieri: Killer day playin #beachbowl with the legendary @joemontana #superbowl http://t.co/KhMqBLG2EC,Sat Feb 01 21:36:18 +0000 2014,en,93,False,0,False,,Joseph Montana,JoeMontana
Great to see @Kaepernick7 today. http://t.co/Vj9NuLvtXr,Sat Feb 01 17:31:39 +0000 2014,en,619,False,926,False,,Joseph Montana,JoeMontana
Hanging with @JoeNamath6 today. http://t.co/h05KPdl5T0,Sat Feb 01 17:22:50 +0000 2014,en,125,False,245,False,,Joseph Montana,JoeMontana
RT @jmontanadesign: #BeastMode Keys are still available at @millcreeksports in the Seattle area and online at http://t.co/DgLQ8ymp87,Sat Feb 01 04:13:47 +0000 2014,en,3,False,0,False,,Joseph Montana,JoeMontana
RT @jmontanadesign: Had such a blast with @jj11F1st &amp; @MoneyLynch at @PlanetHollywood tonight. Thanks for your support! #BeastMode http://t…,Sat Feb 01 04:13:24 +0000 2014,en,15,False,0,False,,Joseph Montana,JoeMontana
"RT @mmsyellow: Sunday @JoeMontana + I are calling #SB48 live in videos like this! Joe says to expect fireworks. Cool, I love colors! http:/…",Fri Jan 31 16:41:46 +0000 2014,en,77,False,0,False,,Joseph Montana,JoeMontana
RT @Emeril: Cooking it up with @timtebow and @joemontana today on @GMA - had a  great time! #SB48 #cookoff  http://t.co/0KPN7Khqhk,Fri Jan 31 15:35:31 +0000 2014,en,18,False,0,False,,Joseph Montana,JoeMontana
There will be an #auction to benefit @autismspeaks at #EdisonBallroom with signed items by me and @DwightC87.C/O http://t.co/ydsm1n417N,Fri Jan 31 15:20:29 +0000 2014,en,20,False,30,False,,Joseph Montana,JoeMontana
RT @GMA: Joe Montana’s Dry Rub Chicken Wings: http://t.co/giB421ls5u (via @JoeMontana),Fri Jan 31 15:11:51 +0000 2014,en,37,False,0,False,,Joseph Montana,JoeMontana
@jjbirden @Delta what's up JJ?,Thu Jan 30 19:33:45 +0000 2014,en,1,False,2,False,"{'coordinates': [-73.9735051, 40.76366963], 'type': 'Point'}",Joseph Montana,JoeMontana
"#football fans, there's nothing better than the big game. This year, I will be in #NYC celebrating @TheCatchParty http://t.co/iGFiTIQ4ue",Thu Jan 30 19:23:11 +0000 2014,en,23,False,44,False,,Joseph Montana,JoeMontana
Having a great day with @delta the official charter of my hometown 49ers #FlyDelta,Thu Jan 30 16:09:52 +0000 2014,en,22,False,44,False,,Joseph Montana,JoeMontana
"""@nflnetwork: Who's gonna win #SB48? Discussing picks on @nflnetwork now with @joemontana http://t.co/CGc6cTpyy8"" @delta",Thu Jan 30 14:41:32 +0000 2014,en,18,False,57,False,,Joseph Montana,JoeMontana
RT @mmsyellow: Hey @MikeAndMike: @JoeMontana &amp; I are doing color commentary Sun. To prep we pulled a classic @espngolic highlight: http://t…,Wed Jan 29 19:10:59 +0000 2014,en,32,False,0,False,,Joseph Montana,JoeMontana
"@JimmyG_415  u r a fan and I get it,  if I gave an answer that was wrong, I would look as dumb as you. Sorry for telling it like I see it!",Tue Jan 28 21:53:53 +0000 2014,en,2,False,1,False,,Joseph Montana,JoeMontana
"@49ers teammate  @DwightC87 who made ""The Catch"" famous will be joining me at #EdisonBallroom for @TheCatchParty  http://t.co/iGFiTIQ4ue",Mon Jan 27 18:46:56 +0000 2014,en,19,False,31,False,,Joseph Montana,JoeMontana
RT @jmontanadesign: @millcreeksports is now the exclusive retailer in the Seattle area for the @MoneyLynch #BeastMode necklace. Get yours b…,Mon Jan 27 18:40:56 +0000 2014,en,12,False,0,False,,Joseph Montana,JoeMontana
SF's youth needs you! Speak in support of  Lucas Cultural Arts Museum on  1/27https://www.facebook.com/events/1398750700374928/#lucasmuseum,Wed Jan 22 16:32:15 +0000 2014,en,10,False,25,False,,Joseph Montana,JoeMontana
So better pocket play was my answer because he has not played in it much.,Sun Jan 19 23:44:48 +0000 2014,en,105,False,123,False,,Joseph Montana,JoeMontana
As usual people get it twisted. I was asked what could Kaep do better? My answer was it is not a secret that he has not played in the pocket,Sun Jan 19 23:43:55 +0000 2014,en,177,False,195,False,,Joseph Montana,JoeMontana
@sudarshans oops!!! I'm sorry,Sun Jan 19 23:13:36 +0000 2014,en,2,False,1,False,"{'coordinates': [-122.68648124, 38.60908092], 'type': 'Point'}",Joseph Montana,JoeMontana
@sudarshans ii guess the Buffalo bills should have 5 rings if that's how u count,Sun Jan 19 15:32:46 +0000 2014,en,7,False,20,False,,Joseph Montana,JoeMontana
Big games @nfl Sunday! I have @49ers and @Patriots  49ers to win the whole thing.,Sun Jan 19 01:47:49 +0000 2014,en,1418,False,1086,False,,Joseph Montana,JoeMontana
"For more information on ""Beast Mode"" necklace go to http://t.co/Nq68Da04BI",Sun Jan 19 01:44:36 +0000 2014,en,6,False,25,False,,Joseph Montana,JoeMontana
"Costs on Beast Mode necklace is $124, with 80% of the profits benefitting Fam 1st and the Four Rings, Montana Family Foundation.",Sun Jan 19 01:42:31 +0000 2014,en,11,False,22,False,,Joseph Montana,JoeMontana
"@jmontanadesign released a “Beast Mode” key necklace to benefit Seahawks running back Marshawn Lynch’s charity, Fam 1st Family Foundation",Sun Jan 19 01:38:47 +0000 2014,en,1,False,3,False,,Joseph Montana,JoeMontana
RT @insidetheNFL: 3x SB MVP &amp; @ProFootballHOF QB @JoeMontana joins us tomorrow. Can't wait to hear his thoughts on Brady vs. Manning &amp; his …,Tue Jan 14 20:04:03 +0000 2014,en,27,False,0,False,,Joseph Montana,JoeMontana
Two down two to go.  I still have @Broncos and my @49ers,Sun Jan 12 17:17:44 +0000 2014,en,293,False,298,False,,Joseph Montana,JoeMontana
"If you're going to be in #NYC for #SuperBowl weekend, you must check out @TheCatchParty. Visit http://t.co/iGFiTIQ4ue @indraPRGroup",Sun Jan 12 17:15:53 +0000 2014,en,26,False,37,False,,Joseph Montana,JoeMontana
I like @Seahawks   @Patriots  @49ers @Broncos   Who do you like?,Sat Jan 11 16:15:32 +0000 2014,en,705,False,647,False,,Joseph Montana,JoeMontana
"RT @espn: Jaden Newman is a varsity point guard averaging 14.8 points and 7.5 assists a game.

She’s in 4TH grade -&gt; http://t.co/knz7qJISZe",Fri Jan 10 17:17:58 +0000 2014,en,965,False,0,False,,Joseph Montana,JoeMontana
My @49ers teammate @DwightC87 &amp; I will be giving a #NFL #pregameanalysis @TheCatchParty for the #superbowl. http://t.co/H5AsShEtbw,Mon Jan 06 17:08:17 +0000 2014,en,36,False,63,False,,Joseph Montana,JoeMontana
"Go @49ers Awesome weekend of football.  
Who will win tonight @FSU_Football or @FootballAU? I am going with Auburn.",Mon Jan 06 16:58:45 +0000 2014,en,72,False,100,False,,Joseph Montana,JoeMontana
"Hey #football fans, come see me and @49ers teammate @DwightC87 on Feb 2 @TheCatchParty. Visit http://t.co/j5OxpSLl9S",Thu Jan 02 16:24:27 +0000 2014,en,24,False,37,False,,Joseph Montana,JoeMontana
HAPPY NEW YEAR!,Wed Jan 01 20:12:43 +0000 2014,en,136,False,245,False,,Joseph Montana,JoeMontana
@LRushing0718 u shouldn't speak about things u no nothing about. Just shows ur stupidity,Sat Dec 28 06:04:17 +0000 2013,en,3,False,13,False,"{'coordinates': [-122.68646219, 38.60905321], 'type': 'Point'}",Joseph Montana,JoeMontana
@LRushing0718 get a life,Sat Dec 28 05:58:49 +0000 2013,en,3,False,7,False,,Joseph Montana,JoeMontana
Join me at #EdisonBallroom in #NYC on Feb 2. Come watch the big game with me and other #NFLLegends @TheCatchParty http://t.co/kapsLWqiBl,Fri Dec 27 16:15:16 +0000 2013,en,15,False,23,False,,Joseph Montana,JoeMontana
Merry Christmas!,Wed Dec 25 16:59:28 +0000 2013,et,147,False,214,False,,Joseph Montana,JoeMontana
@DwightC87  great catch!,Tue Dec 24 02:52:39 +0000 2013,en,296,False,294,False,,Joseph Montana,JoeMontana
Mr D belongs in the NFL Hall of Fame. Greatest owner in any sport.,Tue Dec 24 02:10:12 +0000 2013,en,518,False,375,False,,Joseph Montana,JoeMontana
"RT @ESPNNFL: Candlestick Park has been home to 27 @49ers NFL playoff games, MOST of any other stadium. 

#FarewellCandlestick",Tue Dec 24 00:53:14 +0000 2013,en,639,False,0,False,,Joseph Montana,JoeMontana
"(3of3)
  I will be with my family for the Christmas holiday and pulling for a victory!! GO NINER'S!! See you all at #LeviStadium!",Mon Dec 23 03:19:55 +0000 2013,en,270,False,310,False,,Joseph Montana,JoeMontana
"(2of3)
  I regret that I will not be at the last game on @Mondaynightfootball but I will be watching!",Mon Dec 23 03:18:20 +0000 2013,en,192,False,197,False,,Joseph Montana,JoeMontana
"(1of3)
It's been a long time since I played at #CandlesticPark but I will never forget it! So many great memories!!",Mon Dec 23 03:17:10 +0000 2013,en,589,False,643,False,,Joseph Montana,JoeMontana
"""Which of these experience is on your wish list this year?   #IfOnly""",Fri Dec 20 02:24:00 +0000 2013,en,9,False,16,False,,Joseph Montana,JoeMontana
Sneak preview from the new @SKECHERSUSA  Relaxed Fit commercial I filmed w/my daughter Elizabeth. Coming spring 2014. http://t.co/ffNBbe9Sbc,Thu Dec 19 16:46:36 +0000 2013,en,31,False,64,False,,Joseph Montana,JoeMontana
TODAY come meet me at #lasvegas at @fodvenetian from 12:30-1:30pm; @fodceasers from 2-3pm #vegas,Sat Dec 14 17:48:53 +0000 2013,en,13,False,19,False,,Joseph Montana,JoeMontana
TODAY! Come meet me in #lasvegas at @tristarvegas from 3:30-4:30pm; @fodceasers from 5-6pm #vegas,Fri Dec 13 19:01:38 +0000 2013,en,6,False,12,False,,Joseph Montana,JoeMontana
I  will be signing autos Dec 13&amp;14 in  #LasVegas at @TRISTARVegas @FODCaesars &amp; @FODVenetian! Info http://t.co/mE8bYpo6RZ,Thu Dec 12 02:26:26 +0000 2013,en,16,False,24,False,,Joseph Montana,JoeMontana
Great Wall. http://t.co/epC9SZa5De,Mon Nov 18 13:44:19 +0000 2013,en,50,False,145,False,,Joseph Montana,JoeMontana
200 yr old tea house. 9 turns to get in. 9 is lucky number turns so evil spirits can't follow u http://t.co/HI402pwRIt,Thu Nov 14 02:33:54 +0000 2013,en,28,False,66,False,,Joseph Montana,JoeMontana
Shanghai The Bund... http://t.co/ZVC3JEeXWp,Thu Nov 14 02:23:02 +0000 2013,hi,41,False,95,False,,Joseph Montana,JoeMontana
On my way to China for  #NFL.,Tue Nov 12 21:31:34 +0000 2013,en,27,False,40,False,,Joseph Montana,JoeMontana
Make Miles' wish  special by cheering him on this Friday as he transforms into  #SFBatkid  RT to share his story http://t.co/OMvvZZdaCZ,Tue Nov 12 21:29:39 +0000 2013,en,188,False,71,False,,Joseph Montana,JoeMontana
"Thank you to George Lucas for @LucasMuseum, a space for the  visual stories that have captured our imagination: http://t.co/8Fs64Y5ZvA",Mon Nov 11 16:33:45 +0000 2013,en,17,False,29,False,,Joseph Montana,JoeMontana
My key from @jmontanadesign is the Zuma style and says Soul Mate.   Lets go @GreenWaveFB,Fri Nov 08 16:13:58 +0000 2013,en,3,False,5,False,,Joseph Montana,JoeMontana
Shooting Sketcher's commercial on Santa Monica pier with my daughter Elizabeth. Sporting our @jmontanadesign keys!! http://t.co/xs0qG5H3LM,Wed Nov 06 20:32:26 +0000 2013,en,18,False,62,False,,Joseph Montana,JoeMontana
We are  at Boca Beach Resort in Florida  for Nicky's game! http://t.co/635EYZe49E,Sat Nov 02 16:38:27 +0000 2013,en,28,False,109,False,,Joseph Montana,JoeMontana
My new car!!! Gold plated Bugatti...I wish! http://t.co/erA3vnidLB,Sun Oct 27 21:36:52 +0000 2013,en,113,False,156,False,,Joseph Montana,JoeMontana
At game with Dizzee Rascal http://t.co/jy2pD6vNuh,Sun Oct 27 16:59:55 +0000 2013,en,54,False,58,False,,Joseph Montana,JoeMontana
@nfl had a great time with all the fans at the fan rally #nfluk,Sat Oct 26 18:35:58 +0000 2013,en,18,False,19,False,,Joseph Montana,JoeMontana
More camp photos  There are alot of @nfl fans here.... or should I say @49er fans! http://t.co/jTlR7QTKLM,Sat Oct 26 15:56:40 +0000 2013,en,24,False,53,False,,Joseph Montana,JoeMontana
She will be singing the National Anthem at the game. #49erfan http://t.co/q9OikYYKOT,Sat Oct 26 15:53:07 +0000 2013,en,16,False,60,False,,Joseph Montana,JoeMontana
Trafalgar Square with one of the Lions. http://t.co/AYWGxeSuqd,Sat Oct 26 14:18:13 +0000 2013,en,51,False,89,False,,Joseph Montana,JoeMontana
Tweeting in London.  Let me know if yoh spot me.,Sat Oct 26 13:35:33 +0000 2013,en,11,False,19,False,,Joseph Montana,JoeMontana
Tweet... Look what I found in London.. http://t.co/YXargRBI6q,Sat Oct 26 13:33:23 +0000 2013,en,104,False,209,False,,Joseph Montana,JoeMontana
"Dinner at Spencer House last night with team owners and NFL Commissioner....Olympic Torch, AWESOME! http://t.co/mamOYPrpwk",Sat Oct 26 03:23:49 +0000 2013,en,14,False,30,False,,Joseph Montana,JoeMontana
RT @NinersNation: 49ers legend @JoeMontana works with English quarterbacks (photos courtesy of @ipsphotoagency) http://t.co/LDol3pkuYx,Thu Oct 24 20:34:21 +0000 2013,en,17,False,0,False,,Joseph Montana,JoeMontana
RT @nfl_uk: Exciting news! @49ers legend Joe Montana is taking over @nfl_uk Fri 12:30pm for Q&amp;A with the fans - send YOUR questions in #Ask…,Thu Oct 24 15:14:10 +0000 2013,en,50,False,0,False,,Joseph Montana,JoeMontana
"http://t.co/EUByjMea3K
Yes I am standing up in the picture with my sons!",Wed Oct 23 16:23:16 +0000 2013,en,16,False,15,False,,Joseph Montana,JoeMontana
RT @MCHammer: Jennifer Montana's work is supporting community and Love :) http://t.co/sEBstdYtwC,Wed Oct 23 15:46:47 +0000 2013,en,17,False,0,False,,Joseph Montana,JoeMontana
Looking forward to seeing some great NFL fans in London this week!,Mon Oct 21 17:08:14 +0000 2013,en,94,False,63,False,,Joseph Montana,JoeMontana
Great seeing John in Virginia.  He looks like he can still go deep http://t.co/2Y8V9AQBlP,Mon Oct 21 02:29:35 +0000 2013,en,57,False,103,False,,Joseph Montana,JoeMontana
I will be signing autographs and taking pictures with fans at @FODCaesars today from 2-3pm! Come meet me! #Vegas http://t.co/wD2vaOqgpq,Sat Oct 19 15:09:33 +0000 2013,en,16,False,19,False,,Joseph Montana,JoeMontana
I will be signing autographs and taking pictures with fans at @FODVenetian today from 12:30-1:20pm! Come meet me! http://t.co/QGsvvpyM2I,Sat Oct 19 15:08:22 +0000 2013,en,16,False,11,False,,Joseph Montana,JoeMontana
"I will be signing autographs and taking pictures with fans at @FODVenetian tomm. from 12:30-1:20pm! Come meet me! http://t.co/QGsvvpyM2I
 ",Fri Oct 18 21:26:29 +0000 2013,en,14,False,18,False,,Joseph Montana,JoeMontana
At Jennifer's launch with Square CTO @crazybob http://t.co/nzzv9Os0nz,Fri Oct 18 02:49:51 +0000 2013,en,18,False,34,False,,Joseph Montana,JoeMontana
I will also be signing autographs and taking pictures with fans at @FODCaesars  tomorrow from 5-6pm! come by! #Vegas http://t.co/wD2vaOqgpq,Thu Oct 17 18:13:08 +0000 2013,en,21,False,15,False,,Joseph Montana,JoeMontana
I will be signing autographs and taking pictures with fans at @TRISTARVegas  tomorrow from 3:30-4:30pm! Come see me! http://t.co/kmz02uO14C,Thu Oct 17 18:10:56 +0000 2013,en,24,False,18,False,,Joseph Montana,JoeMontana
"Hey sports fans, come see me and some of my 49er teammates @DwightC87 this weekend in Chantilly Virginia. @csashows",Fri Oct 11 01:24:05 +0000 2013,en,21,False,23,False,,Joseph Montana,JoeMontana
Happy Birthday to our tech leader @benioff!! Pls  support Marc's birthday wish to UCSF Benioff  Children's Hospital http://t.co/LNIpBJHwQU,Wed Sep 25 21:19:46 +0000 2013,en,20,False,6,False,,Joseph Montana,JoeMontana
Team Oracle!!  YEAH BABY!!!!!,Wed Sep 25 21:10:12 +0000 2013,en,32,False,30,False,,Joseph Montana,JoeMontana
Congrats to team Oracle and Larry Ellison on a tremendous victory!!,Wed Sep 25 21:07:53 +0000 2013,en,21,False,18,False,,Joseph Montana,JoeMontana
Lets go Oracle #TeamUSA,Wed Sep 25 18:48:09 +0000 2013,en,33,False,15,False,,Joseph Montana,JoeMontana
"RT @OracleTeamUSA: Just 2 hours until the biggest battle in @AmericasCup history - a winner take all race - 1:15pm PT, we'll be LIVE tweeti…",Wed Sep 25 18:40:50 +0000 2013,en,45,False,0,False,,Joseph Montana,JoeMontana
Go Oracle!!!!,Mon Sep 23 22:46:32 +0000 2013,en,17,False,15,False,,Joseph Montana,JoeMontana
#betheone to  RT this for all the kids out there who just need to know they’re not alone via  @BeyondDiff,Mon Sep 23 21:21:21 +0000 2013,en,79,False,23,False,,Joseph Montana,JoeMontana
Say “hello” to  someone new this week and #betheone to help stop bullying and social isolation  via @BeyondDiff,Mon Sep 23 15:44:50 +0000 2013,en,56,False,43,False,,Joseph Montana,JoeMontana
Got a minute?  #betheone to follow @BeyondDiff and join me in the movement to end bullying and  social isolation,Mon Sep 23 15:27:22 +0000 2013,en,45,False,20,False,,Joseph Montana,JoeMontana
Awesome start to the NFL season.  Kaepernick looked great.  Waiting for tonights games.,Mon Sep 09 18:54:40 +0000 2013,en,521,False,296,False,,Joseph Montana,JoeMontana
Great fans in Toronto! http://t.co/xHajPP7AyC,Thu Aug 29 04:57:21 +0000 2013,en,15,False,41,False,,Joseph Montana,JoeMontana
Bogus suspension!!,Thu Aug 29 02:19:50 +0000 2013,ro,129,False,71,False,,Joseph Montana,JoeMontana
Made some new 90210 friends in Toronto.  Great guys!  Good luck with the Fly Board Luke! http://t.co/umsSGCWHGA,Mon Aug 26 21:29:14 +0000 2013,en,83,False,96,False,,Joseph Montana,JoeMontana
Having fun in Toronto with Hulk Hogan. He is lucky I have sleeves on!  Thank you to all the fans in Toronto. http://t.co/yVae62p8mM,Mon Aug 26 16:49:33 +0000 2013,en,132,False,146,False,,Joseph Montana,JoeMontana
Come and see me @FanExpoCanada this Friday and Saturday,Thu Aug 22 00:02:14 +0000 2013,en,8,False,8,False,,Joseph Montana,JoeMontana
"I'm coming to Toronto !!!
I will be taking photos and signing autographs north  of the border.",Thu Aug 22 00:01:23 +0000 2013,en,15,False,16,False,,Joseph Montana,JoeMontana
"Come and see me @FanExpoCanada next Friday and  Saturday, Aug. 23 &amp; 24. #FanExpo",Fri Aug 16 02:46:13 +0000 2013,en,9,False,11,False,,Joseph Montana,JoeMontana
"I'm coming to Toronto !!!
 
I will be taking photos and signing autographs north  of the border.",Fri Aug 16 02:46:02 +0000 2013,en,17,False,12,False,,Joseph Montana,JoeMontana
"Which 
picture is your favorite? #TeamIfOnly http://t.co/xrAeezhs3v",Wed Aug 14 15:15:29 +0000 2013,en,4,False,8,False,,Joseph Montana,JoeMontana
Watch  this incredible #immigration story in the latest @FWD_us ad. Alejandro  wants to serve his country but can't. http://t.co/3FY1Ap9k7N,Mon Aug 12 15:58:51 +0000 2013,en,28,False,11,False,,Joseph Montana,JoeMontana
Signing in Vegas today and ran into the greatest receiver of all time! http://t.co/pysEAA9nVb,Sat Aug 10 02:20:17 +0000 2013,en,352,False,430,False,,Joseph Montana,JoeMontana
Had a great portrait http://t.co/8L2t6mrBEl by @JRart for  #immigrationreform. Check the list for your city!https://t.co/OnrmlHp8ap,Fri Aug 09 01:24:02 +0000 2013,en,5,False,8,False,,Joseph Montana,JoeMontana
"I'm 
working with @IfOnly to offer some unique experiences for fans &amp; raise money 
for charity #TeamIfOnly
 
http://t.co/xHgALZFoOU",Thu Aug 08 15:17:46 +0000 2013,en,10,False,11,False,,Joseph Montana,JoeMontana
@Ravster92 just a dream!!!,Thu Aug 08 02:25:26 +0000 2013,en,2,False,1,False,,Joseph Montana,JoeMontana
@LaNuciaSpartans my pleasure. I had a lot of fun,Thu Aug 08 02:18:52 +0000 2013,en,4,False,4,False,,Joseph Montana,JoeMontana
I  will be signing autographs@TristarVegas this Friday &amp; Saturday in #LasVegas! More  Info:http://t.co/mE8bYpo6RZ http://t.co/SkZSDspDr8,Wed Aug 07 20:48:31 +0000 2013,en,16,False,12,False,,Joseph Montana,JoeMontana
Italy football camp coaching staff. http://t.co/sIfpKhWfx9,Wed Aug 07 18:22:31 +0000 2013,en,16,False,26,False,,Joseph Montana,JoeMontana
Back in the states. Here are some pictures from our football camp in Italy. http://t.co/6s1stFMqP1,Wed Aug 07 18:21:18 +0000 2013,en,17,False,35,False,,Joseph Montana,JoeMontana
"Proud 
to be a member of #TeamIfOnly 
helping raise money for worthy charities. See what we're up to here: http://t.co/LmBIzmuCrO",Tue Aug 06 20:32:06 +0000 2013,en,7,False,9,False,,Joseph Montana,JoeMontana
"I'm 
offering some amazing experiences &amp; items to benefit underprivileged kids on 
@IfOnly 
Check it out! http://t.co/LmBIzmuCrO",Mon Jul 29 15:58:15 +0000 2013,en,31,False,17,False,,Joseph Montana,JoeMontana
@PierG  contact Alan Zucker 216-522-1200,Sat Jul 27 15:57:59 +0000 2013,en,1,False,1,False,,Joseph Montana,JoeMontana
"Check out my new site @goldenkeycasino, non US only at this point..sorry but ""that's the law""
free £10 register and quote JM16 in Live Help.",Fri Jul 26 15:32:37 +0000 2013,en,8,False,8,False,,Joseph Montana,JoeMontana
"That was the greatest party ever  in St Tropez!  Dancing to MC Hammer mix all night long. Yes, I was dancing!  Stop stop Hammer Time.",Fri Jul 26 00:48:14 +0000 2013,en,161,False,84,False,,Joseph Montana,JoeMontana
At Simon Reubens party in St. Tropez. http://t.co/fc10PIvyeo,Thu Jul 25 20:52:56 +0000 2013,de,3,False,29,False,,Joseph Montana,JoeMontana
Headed back to the boat after lunch at Nikki Beach. http://t.co/fCnCQKUAVK,Thu Jul 25 17:37:40 +0000 2013,en,12,False,46,False,,Joseph Montana,JoeMontana
Yum! http://t.co/8CvVt2Cwey,Thu Jul 25 17:33:56 +0000 2013,und,21,False,37,False,,Joseph Montana,JoeMontana
Sunset in Corsica! http://t.co/BP8peRNUQN,Tue Jul 23 15:25:23 +0000 2013,en,9,False,43,False,,Joseph Montana,JoeMontana
"Lunch in Saint Tropez w/Ron Conway, Family &amp; Hammer Time! http://t.co/lvt5NteRWI",Tue Jul 23 15:22:55 +0000 2013,en,30,False,36,False,,Joseph Montana,JoeMontana
@ShiningSun83 yes please!!!,Mon Jul 22 16:06:41 +0000 2013,en,0,False,1,False,,Joseph Montana,JoeMontana
Don't miss the sake.,Sat Jul 13 13:22:14 +0000 2013,en,17,False,9,False,,Joseph Montana,JoeMontana
Congratulations to Roka Akor's grand opening in San Francisco! Everything from the robota grill is incredible. http://t.co/4LjYWu2s9u,Sat Jul 13 13:20:19 +0000 2013,en,16,False,30,False,,Joseph Montana,JoeMontana
@dadrago happy birthday grandma!!!,Thu Jul 11 23:11:14 +0000 2013,en,0,False,2,False,,Joseph Montana,JoeMontana
@smmarrujo  hope u had a good one too,Tue Jul 09 01:50:50 +0000 2013,en,0,False,2,False,,Joseph Montana,JoeMontana
@cjbdaddy1 everyday!!,Tue Jul 09 01:48:09 +0000 2013,en,0,False,2,False,,Joseph Montana,JoeMontana
RT @49ers: #NFL Network ranks J. Smith/A. Smith and Willis/Bowman as the league's top defensive duos. http://t.co/rsbucwHe1k #Niners365,Mon Jul 08 18:53:08 +0000 2013,en,179,False,0,False,,Joseph Montana,JoeMontana
"http://t.co/Ck0uHLVDqy
Having fun 4th of July weekend.",Sun Jul 07 17:16:05 +0000 2013,en,4,False,7,False,,Joseph Montana,JoeMontana
@smmarrujo it was in the playoffs cause my Celtics were not to be found!!,Sun Jun 30 03:02:22 +0000 2013,en,0,False,0,False,,Joseph Montana,JoeMontana
@Ale_Sottovia can't wait!!!,Sun Jun 30 02:58:57 +0000 2013,en,0,False,0,False,,Joseph Montana,JoeMontana
Celtics at it again. Whats next?,Fri Jun 28 04:02:56 +0000 2013,en,36,False,18,False,,Joseph Montana,JoeMontana
Doc Rivers left my Celtics!!,Wed Jun 26 19:15:35 +0000 2013,en,51,False,27,False,,Joseph Montana,JoeMontana
"I am ready to go to Italy for football camp, wine and food! (not in that order)
http://t.co/1N46QENYDl",Wed Jun 26 15:27:54 +0000 2013,en,31,False,27,False,,Joseph Montana,JoeMontana
@Kid_Cer7Ck sweetest one made!!! How could u not luv it,Tue Jun 25 02:36:48 +0000 2013,en,2,False,3,False,,Joseph Montana,JoeMontana
@Kid_Cer7Ck,Tue Jun 25 02:36:20 +0000 2013,und,0,False,0,False,,Joseph Montana,JoeMontana
@glennwigmore  I was not,Sun Jun 23 17:16:43 +0000 2013,en,0,False,1,False,,Joseph Montana,JoeMontana
"@smmarrujo No chance, home team!",Wed Jun 19 21:30:18 +0000 2013,en,0,False,1,False,,Joseph Montana,JoeMontana
Crazy game last night .Should not have listened to my friend Eddie (Spurs fan)  Hope for another  just like that Thurs. Going with home team,Wed Jun 19 21:08:20 +0000 2013,en,17,False,12,False,,Joseph Montana,JoeMontana
Awesome @nba game last night.  Thursday night should be great.,Wed Jun 19 15:51:47 +0000 2013,en,35,False,18,False,,Joseph Montana,JoeMontana
"WOW, @spurs came out to play last night! @MiamiHEAT need to answer.  Never thought the bench players would be the answer for either team.",Wed Jun 12 21:15:28 +0000 2013,en,14,False,11,False,,Joseph Montana,JoeMontana
"Thank you so much for all the great Birthday wishes.
Happy 100th to the legendary Vince Lombardi.
I love his trophies!!",Tue Jun 11 18:10:28 +0000 2013,en,181,False,141,False,,Joseph Montana,JoeMontana
Big shout out to Nadal for winning his 8th french open title!...,Sun Jun 09 19:14:07 +0000 2013,en,53,False,20,False,,Joseph Montana,JoeMontana
I did forget one guy and I apologize ...Flacco,Sun Jun 09 15:13:08 +0000 2013,en,78,False,41,False,,Joseph Montana,JoeMontana
"TOP 5 QB'S NO ORDER: BREES,PEYTON, RODGERS,BRADY &amp; ELI.  KAEPERNICK, WILSON, RG III &amp; LUCK STILL TOO EARLY, BUT THEY LOOK GREAT.",Sun Jun 09 03:16:18 +0000 2013,en,725,False,264,False,,Joseph Montana,JoeMontana
Looks like Rodman got in my closet again. http://t.co/JeJ9fRiqDs,Sun Jun 09 01:20:31 +0000 2013,en,234,False,187,False,,Joseph Montana,JoeMontana
The correct time is 1-2:30 at Long Beach Convention Center. @DwightC87 will be there too. Let me see some 49er fans in So. Cal.,Thu Jun 06 22:56:06 +0000 2013,en,8,False,8,False,,Joseph Montana,JoeMontana
I will be at the Long Beach Convention Center on Sat. from 12-1:30pm.,Thu Jun 06 22:31:14 +0000 2013,en,10,False,7,False,,Joseph Montana,JoeMontana
@spurs or @MiamiHEAT ??,Thu Jun 06 22:19:25 +0000 2013,und,1,False,3,False,,Joseph Montana,JoeMontana
...I cant argue with @criscarter80 &amp; his hands! Saw them too many times up close from the opposite side of the field!,Thu Jun 06 17:04:02 +0000 2013,en,9,False,10,False,,Joseph Montana,JoeMontana
I saw @criscarter80 say he had the best hands..While @JerryRice is considered the best,Thu Jun 06 17:03:21 +0000 2013,en,128,False,61,False,,Joseph Montana,JoeMontana
RT @IngrahamAngle: Go to the Arthritis Foundation website to play football with @JoeMontana and help raise awareness about arthritis http:/…,Wed Jun 05 18:33:55 +0000 2013,en,12,False,0,False,,Joseph Montana,JoeMontana
@IngrahamAngle...It was a pleasure speaking with you this AM.  Thanks for your help. Hope to do it again sometime soon!,Wed Jun 05 18:33:40 +0000 2013,en,0,False,1,False,,Joseph Montana,JoeMontana
I will give you my picks on Friday.,Wed Jun 05 03:38:36 +0000 2013,en,6,False,8,False,,Joseph Montana,JoeMontana
Who are your top 5 quarterbacks today?,Tue Jun 04 18:36:00 +0000 2013,en,20,False,9,False,,Joseph Montana,JoeMontana
RT @NFL_ATL: Deacon Jones was a leader even among all-time greats  http://t.co/x0fQ0tXEqx,Tue Jun 04 18:30:17 +0000 2013,en,47,False,0,False,,Joseph Montana,JoeMontana
Looking forward to a great game tonight! I think @KingJames will come out strong. @Pacers must survive the first qtr. @spurs keep doing it.,Thu May 30 15:55:34 +0000 2013,en,22,False,5,False,,Joseph Montana,JoeMontana
Thanks to all who serve &amp; have served our country in the past so we can enjoy the freedoms we have today! #USA,Mon May 27 17:14:20 +0000 2013,en,176,False,60,False,,Joseph Montana,JoeMontana
"""I have to say, the last lap was the longest lap of my life,"" Kanaan said.
I know the feeling (last drive) and I loved it.",Mon May 27 15:52:26 +0000 2013,en,52,False,30,False,,Joseph Montana,JoeMontana
Happy Memorial Day everybody.  Be safe!,Mon May 27 15:40:52 +0000 2013,en,310,False,140,False,,Joseph Montana,JoeMontana
This guy came through the line in vegas. They said he looks like my stunt double. What do you think? #Idomyownstunts http://t.co/dJBURPr78h,Sun May 26 18:35:46 +0000 2013,en,23,False,34,False,,Joseph Montana,JoeMontana
"I thouhgt @memgrizz would win at home.  The @spurs experience is really showing.
@MiamiHEAT  or @Pacers ?  Great NBA playoffs!",Sun May 26 18:24:36 +0000 2013,en,8,False,6,False,,Joseph Montana,JoeMontana
RT @ESPNNFL: Michael Crabtree had 13 red zone targets from Colin Kaepernick last yr. Kaepernick targeted no other player more than 4 times …,Thu May 23 23:35:00 +0000 2013,en,77,False,0,False,,Joseph Montana,JoeMontana
Can @memgrizz change things at home?,Thu May 23 21:52:18 +0000 2013,en,3,False,4,False,,Joseph Montana,JoeMontana
"Wow what a game &amp; what a finish. Looks like a great series!
See you guys in Las Vegas Friday &amp; Saturday @TRISTARvegas &amp; @FieldofDreamsLV",Thu May 23 15:46:44 +0000 2013,en,4,False,5,False,,Joseph Montana,JoeMontana
Great NBA game tonight. Can't wait for Super Bowl L. It will be the best ever! First host team to win the Super Bowl? #SBL,Thu May 23 02:49:00 +0000 2013,en,159,False,103,False,,Joseph Montana,JoeMontana
Congratulations to Lou Adler on his rock 'n roll Hall of Fame induction. http://t.co/WtZOIQtbFJ,Wed May 22 01:05:38 +0000 2013,en,16,False,24,False,,Joseph Montana,JoeMontana
@Spurs @memgrizz game 2!  #49erfans Signing Fri 3:30-4:30 &amp; Sat. 12:30-1:30  @TRISTARVegas. Also Fri. 5-6 pm &amp; Sat. 2-3 pm  @FieldofDreamsLV,Tue May 21 21:17:08 +0000 2013,en,4,False,1,False,,Joseph Montana,JoeMontana
Prayers go out to everyone in OKC.,Tue May 21 13:35:18 +0000 2013,en,84,False,29,False,,Joseph Montana,JoeMontana
Nice season @warriors !  @spurs too much experience. Looking for a great championship series.  @MiamiHEAT look great.,Fri May 17 16:08:40 +0000 2013,en,27,False,16,False,,Joseph Montana,JoeMontana
Big game for the @warriors tonight.  My Thunder pick not looking so good.,Tue May 14 21:57:35 +0000 2013,en,22,False,15,False,,Joseph Montana,JoeMontana
"HAPPY MOTHERS DAY.
YOU DESERVE THIS DAY!
#BLESSED",Sun May 12 17:00:42 +0000 2013,en,62,False,40,False,,Joseph Montana,JoeMontana
Love the Will I Am ESPN NBA video.... getting ready for Bears vs Dolphins game!!!,Sat May 11 00:37:06 +0000 2013,en,18,False,11,False,,Joseph Montana,JoeMontana
RT @ESPNNFL: Happy Birthday to our own Chris Berman!! #HeCouldGoAllTheWay --&gt; http://t.co/XdiMHSvx6y,Fri May 10 20:06:03 +0000 2013,en,160,False,0,False,,Joseph Montana,JoeMontana
#49erfans Signing Fri 5/24. 3:30-4:30 &amp; Saturday 5/25 12:30-1:30  @TRISTARVegas. Also Fri. 5-6 pm &amp; Sat. 2-3 pm  @FieldofDreamsLV,Fri May 10 19:55:48 +0000 2013,en,13,False,6,False,,Joseph Montana,JoeMontana
"#splashboys are fun to watch.  Hope they make it all the way, but I still have Thunder &amp; Miami",Fri May 10 19:27:03 +0000 2013,en,12,False,7,False,,Joseph Montana,JoeMontana
Ready for @warriors to keep up the pace. Youg legs young guns!  @chicagobulls &amp; @MiamiHEAT should be another great football game!,Fri May 10 19:21:25 +0000 2013,en,44,False,18,False,,Joseph Montana,JoeMontana
Nice game @warriors put on last night. Best shooters in the @NBA    #younggunsofthewest  I like the football game that was on earlier too.,Thu May 09 20:51:25 +0000 2013,en,57,False,38,False,,Joseph Montana,JoeMontana
I think @MiamiHEAT. &amp; @okcthunder. will be in the finals again. Pulling for @GSWarriors_  to be there. Warriors need to come out strong.,Wed May 08 21:59:38 +0000 2013,en,39,False,27,False,,Joseph Montana,JoeMontana
Wow what a game!  @GSWarriors_  played hard.  I think experience is never over rated. @chicagobulls are on a roll. Robinson is awesome.,Tue May 07 12:19:24 +0000 2013,en,40,False,23,False,,Joseph Montana,JoeMontana
Lets go Golden State.  @StephenCurry30 looks like the best shooter in the NBA!  Clash of the young guns vs. Experience.,Tue May 07 00:33:25 +0000 2013,en,157,False,58,False,,Joseph Montana,JoeMontana
@BostonCeltics need to bring it tonight!!  @NBAPlayoffs have been awesome so far!,Fri May 03 15:04:18 +0000 2013,en,2,False,2,False,,Joseph Montana,JoeMontana
Off the chart dinner at Michael Chiarello new place in #SF Coqueta...fat as a pig!! Had to take my shoes off!!! http://t.co/5FM5eZUIOG,Fri May 03 15:00:35 +0000 2013,en,12,False,22,False,,Joseph Montana,JoeMontana
Well how about my @Celtics now!  Thank you to for all the great questions on google Hangout.,Thu May 02 15:27:19 +0000 2013,en,12,False,18,False,,Joseph Montana,JoeMontana
"RT @JointJuice1: Thanks for all the great questions today in our Google Hangout w/ @JoeMontana and @arthritis_org! Posting the vid soon, if…",Wed May 01 19:57:11 +0000 2013,en,1,False,0,False,,Joseph Montana,JoeMontana
Download @JointJuice1's new new Throw With Joe  game app. You could win a trip to SF to meet me! http://t.co/2hSk7ULNbq  Good luck!,Tue Apr 30 19:20:45 +0000 2013,en,7,False,6,False,,Joseph Montana,JoeMontana
"Got a question for me? Join me in a live Google Hangout Q&amp;A May 1, 12 ET to celebrate my Throw With Joe  game: http://t.co/S8KhCwCpLb",Tue Apr 30 19:19:45 +0000 2013,en,20,False,7,False,,Joseph Montana,JoeMontana
@blakeshelton can't wait. My family are big fans of you and all country music! #countrystrong,Sun Apr 28 23:47:42 +0000 2013,en,8,False,15,False,,Joseph Montana,JoeMontana
Stopped by a local deli while I n New York.  Ate too much.  Mikey makes a mean sandwich. http://t.co/kHDbSIlveq,Sun Apr 28 21:28:32 +0000 2013,en,23,False,41,False,,Joseph Montana,JoeMontana
The guy in the middle is Prime Time.,Sun Apr 28 21:24:25 +0000 2013,en,4,False,10,False,,Joseph Montana,JoeMontana
@blakeshelton. Next time your in town drinks are on me! In New Orleans celebrating my sons 21st birthday. I had some drinks for both of us!,Sun Apr 28 21:08:20 +0000 2013,en,10,False,19,False,,Joseph Montana,JoeMontana
@DwightC87. My bad DC.,Sat Apr 27 21:14:21 +0000 2013,en,0,False,3,False,,Joseph Montana,JoeMontana
Welcome @blakeshelton to the city.,Sat Apr 27 21:06:14 +0000 2013,en,21,False,30,False,,Joseph Montana,JoeMontana
Who is the guy in the middle?  Had a great time with all the guys @DwightClark @JerryRice  at the show this weekend. http://t.co/raMv9SPf2A,Sat Apr 27 21:03:38 +0000 2013,en,91,False,105,False,,Joseph Montana,JoeMontana
Hope to see some of you guys at Garden State Exhibit Center in Somerset NJ tomm. at 7pm or Sat at noon. #NFLDraft tonight.,Thu Apr 25 20:07:22 +0000 2013,en,9,False,10,False,,Joseph Montana,JoeMontana
"http://t.co/zQwQ5A2xIB
CBS this morning.",Thu Apr 25 19:01:18 +0000 2013,en,22,False,14,False,,Joseph Montana,JoeMontana
Hanging with my boys Dwight Clark #JerryRice Sat. in NJ. Some of those Cowboys will be there too.  #Emmittsmith #TroyAikman #MichaelIrvin,Thu Apr 25 15:29:22 +0000 2013,en,47,False,35,False,,Joseph Montana,JoeMontana
My #Celtics are having a rough time here in #NY.  Still have time to turn it around. .  Love the #NBA  playoffs!,Wed Apr 24 20:42:10 +0000 2013,en,45,False,19,False,,Joseph Montana,JoeMontana
"Can""t wait to watch 30 for 30 when I get home.  Heard I was almost traded for Elway. #NflDraft one more day.",Wed Apr 24 20:29:08 +0000 2013,en,282,False,82,False,,Joseph Montana,JoeMontana
"Hey #NFL  #49er fans  signing autographs Friday 7pm &amp; Sat. 12 noon at Garden State Exhibit Center,  Somerset NJ. Gtsportsmarketing for info.",Tue Apr 23 18:17:13 +0000 2013,en,31,False,20,False,,Joseph Montana,JoeMontana
I ran into Clayton Kershaw and Brandon League from #Dodgers here in #Bigapple. http://t.co/eJFzoxiZk6,Tue Apr 23 03:26:23 +0000 2013,en,21,False,30,False,,Joseph Montana,JoeMontana
http://t.co/51ZA7KSKsn Check out what I am doing now.  #football fun.  Coming soon! #fantasyfootball next level.,Mon Apr 22 19:44:14 +0000 2013,en,13,False,14,False,,Joseph Montana,JoeMontana
Patrick Willis and I had our way with the snacks at the show.  Hate to get hit by him. Go #niners http://t.co/wH5RcwyKS9,Mon Apr 22 16:33:48 +0000 2013,en,194,False,232,False,,Joseph Montana,JoeMontana
Had a fun time talking to @Kaepernick7. Do you #49erfans  remember when my arms were that big? http://t.co/fRHLew3tZv,Mon Apr 22 15:35:02 +0000 2013,en,634,False,520,False,,Joseph Montana,JoeMontana
I will be teaching at a football camp in Trieste Italy Aug. 1-3. I will tweet more about it this weekend. See you this Sun at #SF Cow Palace,Fri Apr 19 19:50:36 +0000 2013,en,41,False,18,False,,Joseph Montana,JoeMontana
Signing this Sun. 12:30-1:30pm in #SF @TRISTAR1's big Cow Palace  Collectors Show. Plus @Kaepernick7 &amp; more #49ers. http://t.co/YKUrHFp0Oe,Wed Apr 17 19:38:36 +0000 2013,en,25,False,14,False,,Joseph Montana,JoeMontana
One of the all time great announcers Pat Summerall will be missed!  He made #nfl a better game. Prayers for his family.,Wed Apr 17 17:31:45 +0000 2013,en,103,False,42,False,,Joseph Montana,JoeMontana
RT @blakeshelton: Thoughts and prayers to the family of 8 year old Martin Richard. Rest in peace young man...,Tue Apr 16 19:01:33 +0000 2013,en,4193,False,0,False,,Joseph Montana,JoeMontana
#prayforboston,Tue Apr 16 15:28:56 +0000 2013,und,90,False,41,False,,Joseph Montana,JoeMontana
Sorry I was angry! Precedent.,Sat Apr 13 18:59:24 +0000 2013,en,20,False,30,False,,Joseph Montana,JoeMontana
Happens too BAD! Its over! In my eyes.... not a good president.,Sat Apr 13 16:33:29 +0000 2013,en,74,False,28,False,,Joseph Montana,JoeMontana
"What they say about integrity of the game, it doesn't matter. Notike anyone tries to break the rules. If you don't see it or call it as it",Sat Apr 13 16:32:07 +0000 2013,en,78,False,20,False,,Joseph Montana,JoeMontana
Keeping other people out od the game. How many fouls do you see in the #nba that dont get called or holding The day was over and no matter,Sat Apr 13 16:30:07 +0000 2013,en,114,False,25,False,,Joseph Montana,JoeMontana
"Game. They are spectators and should stay that way. If the USGA doesn't see it as it happens, too BAD. This is not about Tiger but about",Sat Apr 13 16:28:26 +0000 2013,en,134,False,27,False,,Joseph Montana,JoeMontana
Superbowl that would change the outcome of the game. People cant wait to video and find something wrong with the game.  Keep them out of the,Sat Apr 13 16:26:33 +0000 2013,en,129,False,19,False,,Joseph Montana,JoeMontana
USGA is full of crap Just like replay in #nfl if you dont catch it when it happens forget it. That would be like going back on a call in the,Sat Apr 13 16:25:17 +0000 2013,en,216,False,45,False,,Joseph Montana,JoeMontana
Thanks to everyone that voted #Madden25Montana,Tue Apr 09 20:19:01 +0000 2013,en,60,False,41,False,,Joseph Montana,JoeMontana
Mr. DeBartolo belongs in #nfl Hall of Fame. #49ers #Hof http://t.co/BRQQOBmbxt,Sun Apr 07 17:05:55 +0000 2013,en,244,False,172,False,,Joseph Montana,JoeMontana
Dwight and I signing today in Vegas. http://t.co/Som9rB7hyV,Sat Apr 06 02:00:26 +0000 2013,en,80,False,123,False,,Joseph Montana,JoeMontana
Nnamdi Asomugha &amp; Colt McCoy make #49ers stronger!  Cant wait for the  draft #49erfans.  Going against BARRY SANDERS now #maddencover HELP!,Thu Apr 04 16:13:50 +0000 2013,en,252,False,77,False,,Joseph Montana,JoeMontana
Signing  this Fri. 3:30-4:30 &amp; Saturday 12:30-1:30  @TRISTARVegas. Also Fri. 5-6 pm &amp; Sat. 2-3 pm  @FieldofDreamsLV  #CaesarsPalace #49ers,Thu Apr 04 16:05:39 +0000 2013,en,14,False,13,False,,Joseph Montana,JoeMontana
Raiders WR Darrius Heyward-Bey is going to be a big weapon for Luck and the Colts. Good to see #KevinWare in good spirits.,Tue Apr 02 19:32:36 +0000 2013,en,93,False,28,False,,Joseph Montana,JoeMontana
Between 4-5pm est. Tweet #Madden25Montana get double votes.Marino was the MAN! I need help. You can also vote at http://t.co/wDLPthvQTa,Tue Apr 02 19:29:24 +0000 2013,en,65,False,12,False,,Joseph Montana,JoeMontana
"prayers for #KevinWare , his family and teammates from #Louisville I still have them winning it all. My dark horse #Syracuse looking good.",Mon Apr 01 01:37:30 +0000 2013,en,105,False,37,False,,Joseph Montana,JoeMontana
Happy Easter!,Sun Mar 31 19:08:59 +0000 2013,en,119,False,62,False,,Joseph Montana,JoeMontana
RT @ESPNNFL: The @49ers new stadium is coming together quickly --&gt; http://t.co/pXc3cTo8R7,Fri Mar 29 17:19:45 +0000 2013,en,222,False,0,False,,Joseph Montana,JoeMontana
#MiamiHeat awesome run! #marchmadness tonight!  Please keep votes coming for #MaddenVoteMontana. Signing at Field of Dreams Apr. 5-6 Vegas.,Thu Mar 28 20:04:47 +0000 2013,en,31,False,8,False,,Joseph Montana,JoeMontana
Blake Griffin catch and shot was awesome even if it didn't count.  Tight end maybe? #nfl.,Wed Mar 27 15:53:47 +0000 2013,en,39,False,21,False,,Joseph Montana,JoeMontana
Louisville strong #marchmadness.Syracuse big test. Team to watch 15 seed #dunkcity. Thanks again for all the votes #easports #maddencover,Mon Mar 25 20:02:02 +0000 2013,en,17,False,8,False,,Joseph Montana,JoeMontana
#marchmadness everybody has a chance.  I think #Louisville wins it. #syracuse is my dark horse. My heart is with #notredame.,Fri Mar 22 17:43:04 +0000 2013,en,56,False,28,False,,Joseph Montana,JoeMontana
Thank you to everyone who voted for me for the cover of  #maddencover25 #easports .  Keep voting  #49erfans #nflfans.,Fri Mar 22 17:18:37 +0000 2013,en,139,False,66,False,,Joseph Montana,JoeMontana
"Sorry I have been gone for a while.
I am ready  for #marchmadness.   #cbs  I think a few upsets are coming #BracketBusters",Thu Mar 21 17:24:43 +0000 2013,en,47,False,34,False,,Joseph Montana,JoeMontana
Good luck to you today@Cristiano #championssoccer,Wed Feb 13 16:34:25 +0000 2013,en,69,False,28,False,,Joseph Montana,JoeMontana
I'm  sending a valentine to #Newtown with #1MillionHearts for @SandyHook: http://t.co/6zXU25A1 Join me,Tue Feb 12 16:20:04 +0000 2013,en,172,False,58,False,,Joseph Montana,JoeMontana
Don't be surprised if you see me on Hangover III.,Sat Feb 09 00:34:34 +0000 2013,en,551,False,199,False,,Joseph Montana,JoeMontana
"Me &amp; Zach Galifianakas last night at ""The Punch Line"" for a charity.  Laughed my a.. off! http://t.co/P9TUZUx5",Sat Feb 09 00:33:51 +0000 2013,en,120,False,144,False,,Joseph Montana,JoeMontana
@jack Thank you so much.  Glad to be on Twitter!  Only wish my 49ers could have pulled it out.,Wed Feb 06 20:18:47 +0000 2013,en,6,False,9,False,,Joseph Montana,JoeMontana
"I loved the students from Sandy Hook elementary singing "" America The Beautiful"" last night at the Super Bowl #newton #superbowl",Tue Feb 05 02:58:43 +0000 2013,en,133,False,106,False,,Joseph Montana,JoeMontana
Having a great time on Bourbon St.  Lets go @49ers.  Can't wait for Sunday #sb47 http://t.co/qrAvCJv0,Sat Feb 02 05:54:59 +0000 2013,en,406,False,270,False,,Joseph Montana,JoeMontana
Thank you all for the warm welcome to twitter.  Looking forward to using it when I go to the Super Bowl starting tomorrow.,Wed Jan 30 21:24:34 +0000 2013,en,284,False,163,False,,Joseph Montana,JoeMontana
Good luck @49ers Looking forward to a great Super Bowl #sb47,Tue Jan 29 19:16:54 +0000 2013,en,1788,False,534,False,,Joseph Montana,JoeMontana
